Matrix,n,Experiment,Type,Variant,RangeDecades,Count,SingleTermRows,EmptyRows,Total
rajat11,135,FactorAccumulatorIR,"posit<16,2>",Plain,0,154,66,135,2904
rajat11,135,FactorAccumulatorIR,"posit<16,2>",Plain,1,110,66,135,2904
rajat11,135,FactorAccumulatorIR,"posit<16,2>",Plain,2,398,66,135,2904
rajat11,135,FactorAccumulatorIR,"posit<16,2>",Plain,3,1078,66,135,2904
rajat11,135,FactorAccumulatorIR,"posit<16,2>",Plain,4,812,66,135,2904
rajat11,135,FactorAccumulatorIR,"posit<16,2>",Plain,5,284,66,135,2904
rajat11,135,FactorAccumulatorIR,"posit<16,2>",Plain,6,68,66,135,2904
rajat11,135,FactorAccumulatorIR,"posit<16,2>",Quire,0,168,72,135,3168
rajat11,135,FactorAccumulatorIR,"posit<16,2>",Quire,1,120,72,135,3168
rajat11,135,FactorAccumulatorIR,"posit<16,2>",Quire,2,433,72,135,3168
rajat11,135,FactorAccumulatorIR,"posit<16,2>",Quire,3,1177,72,135,3168
rajat11,135,FactorAccumulatorIR,"posit<16,2>",Quire,4,886,72,135,3168
rajat11,135,FactorAccumulatorIR,"posit<16,2>",Quire,5,312,72,135,3168
rajat11,135,FactorAccumulatorIR,"posit<16,2>",Quire,6,72,72,135,3168
rajat11,135,FactorAccumulatorIR,"posit<32,2>",Plain,0,14,6,135,264
rajat11,135,FactorAccumulatorIR,"posit<32,2>",Plain,1,10,6,135,264
rajat11,135,FactorAccumulatorIR,"posit<32,2>",Plain,2,36,6,135,264
rajat11,135,FactorAccumulatorIR,"posit<32,2>",Plain,3,98,6,135,264
rajat11,135,FactorAccumulatorIR,"posit<32,2>",Plain,4,74,6,135,264
rajat11,135,FactorAccumulatorIR,"posit<32,2>",Plain,5,26,6,135,264
rajat11,135,FactorAccumulatorIR,"posit<32,2>",Plain,6,6,6,135,264
rajat11,135,FactorAccumulatorIR,"posit<32,2>",Quire,0,14,6,135,264
rajat11,135,FactorAccumulatorIR,"posit<32,2>",Quire,1,10,6,135,264
rajat11,135,FactorAccumulatorIR,"posit<32,2>",Quire,2,36,6,135,264
rajat11,135,FactorAccumulatorIR,"posit<32,2>",Quire,3,98,6,135,264
rajat11,135,FactorAccumulatorIR,"posit<32,2>",Quire,4,74,6,135,264
rajat11,135,FactorAccumulatorIR,"posit<32,2>",Quire,5,26,6,135,264
rajat11,135,FactorAccumulatorIR,"posit<32,2>",Quire,6,6,6,135,264
rajat11,135,WorkingPrecisionResidualIR,"posit<32,2>",Plain,0,35,15,135,660
rajat11,135,WorkingPrecisionResidualIR,"posit<32,2>",Plain,1,25,15,135,660
rajat11,135,WorkingPrecisionResidualIR,"posit<32,2>",Plain,2,90,15,135,660
rajat11,135,WorkingPrecisionResidualIR,"posit<32,2>",Plain,3,245,15,135,660
rajat11,135,WorkingPrecisionResidualIR,"posit<32,2>",Plain,4,185,15,135,660
rajat11,135,WorkingPrecisionResidualIR,"posit<32,2>",Plain,5,65,15,135,660
rajat11,135,WorkingPrecisionResidualIR,"posit<32,2>",Plain,6,15,15,135,660
rajat11,135,WorkingPrecisionResidualIR,"posit<32,2>",Quire,0,35,15,135,660
rajat11,135,WorkingPrecisionResidualIR,"posit<32,2>",Quire,1,25,15,135,660
rajat11,135,WorkingPrecisionResidualIR,"posit<32,2>",Quire,2,90,15,135,660
rajat11,135,WorkingPrecisionResidualIR,"posit<32,2>",Quire,3,245,15,135,660
rajat11,135,WorkingPrecisionResidualIR,"posit<32,2>",Quire,4,185,15,135,660
rajat11,135,WorkingPrecisionResidualIR,"posit<32,2>",Quire,5,65,15,135,660
rajat11,135,WorkingPrecisionResidualIR,"posit<32,2>",Quire,6,15,15,135,660
rajat11,135,WorkingPrecisionResidualIR,"posit<64,3>",Plain,0,7,3,135,132
rajat11,135,WorkingPrecisionResidualIR,"posit<64,3>",Plain,1,5,3,135,132
rajat11,135,WorkingPrecisionResidualIR,"posit<64,3>",Plain,2,18,3,135,132
rajat11,135,WorkingPrecisionResidualIR,"posit<64,3>",Plain,3,49,3,135,132
rajat11,135,WorkingPrecisionResidualIR,"posit<64,3>",Plain,4,37,3,135,132
rajat11,135,WorkingPrecisionResidualIR,"posit<64,3>",Plain,5,13,3,135,132
rajat11,135,WorkingPrecisionResidualIR,"posit<64,3>",Plain,6,3,3,135,132
rajat11,135,WorkingPrecisionResidualIR,"posit<64,3>",Quire,0,7,3,135,132
rajat11,135,WorkingPrecisionResidualIR,"posit<64,3>",Quire,1,5,3,135,132
rajat11,135,WorkingPrecisionResidualIR,"posit<64,3>",Quire,2,18,3,135,132
rajat11,135,WorkingPrecisionResidualIR,"posit<64,3>",Quire,3,49,3,135,132
rajat11,135,WorkingPrecisionResidualIR,"posit<64,3>",Quire,4,37,3,135,132
rajat11,135,WorkingPrecisionResidualIR,"posit<64,3>",Quire,5,13,3,135,132
rajat11,135,WorkingPrecisionResidualIR,"posit<64,3>",Quire,6,3,3,135,132
rajat11,135,FactorAccumulatorIR,"posit<16,2>",Plain,0,154,66,135,2904
rajat11,135,FactorAccumulatorIR,"posit<16,2>",Plain,1,110,66,135,2904
rajat11,135,FactorAccumulatorIR,"posit<16,2>",Plain,2,398,66,135,2904
rajat11,135,FactorAccumulatorIR,"posit<16,2>",Plain,3,1078,66,135,2904
rajat11,135,FactorAccumulatorIR,"posit<16,2>",Plain,4,812,66,135,2904
rajat11,135,FactorAccumulatorIR,"posit<16,2>",Plain,5,284,66,135,2904
rajat11,135,FactorAccumulatorIR,"posit<16,2>",Plain,6,68,66,135,2904
rajat11,135,FactorAccumulatorIR,"posit<16,2>",Quire,0,168,72,135,3168
rajat11,135,FactorAccumulatorIR,"posit<16,2>",Quire,1,120,72,135,3168
rajat11,135,FactorAccumulatorIR,"posit<16,2>",Quire,2,433,72,135,3168
rajat11,135,FactorAccumulatorIR,"posit<16,2>",Quire,3,1177,72,135,3168
rajat11,135,FactorAccumulatorIR,"posit<16,2>",Quire,4,886,72,135,3168
rajat11,135,FactorAccumulatorIR,"posit<16,2>",Quire,5,312,72,135,3168
rajat11,135,FactorAccumulatorIR,"posit<16,2>",Quire,6,72,72,135,3168
rajat11,135,FactorAccumulatorIR,"posit<32,2>",Plain,0,14,6,135,264
rajat11,135,FactorAccumulatorIR,"posit<32,2>",Plain,1,10,6,135,264
rajat11,135,FactorAccumulatorIR,"posit<32,2>",Plain,2,36,6,135,264
rajat11,135,FactorAccumulatorIR,"posit<32,2>",Plain,3,98,6,135,264
rajat11,135,FactorAccumulatorIR,"posit<32,2>",Plain,4,74,6,135,264
rajat11,135,FactorAccumulatorIR,"posit<32,2>",Plain,5,26,6,135,264
rajat11,135,FactorAccumulatorIR,"posit<32,2>",Plain,6,6,6,135,264
rajat11,135,FactorAccumulatorIR,"posit<32,2>",Quire,0,14,6,135,264
rajat11,135,FactorAccumulatorIR,"posit<32,2>",Quire,1,10,6,135,264
rajat11,135,FactorAccumulatorIR,"posit<32,2>",Quire,2,36,6,135,264
rajat11,135,FactorAccumulatorIR,"posit<32,2>",Quire,3,98,6,135,264
rajat11,135,FactorAccumulatorIR,"posit<32,2>",Quire,4,74,6,135,264
rajat11,135,FactorAccumulatorIR,"posit<32,2>",Quire,5,26,6,135,264
rajat11,135,FactorAccumulatorIR,"posit<32,2>",Quire,6,6,6,135,264
rajat11,135,WorkingPrecisionResidualIR,"posit<32,2>",Plain,0,35,15,135,660
rajat11,135,WorkingPrecisionResidualIR,"posit<32,2>",Plain,1,25,15,135,660
rajat11,135,WorkingPrecisionResidualIR,"posit<32,2>",Plain,2,90,15,135,660
rajat11,135,WorkingPrecisionResidualIR,"posit<32,2>",Plain,3,245,15,135,660
rajat11,135,WorkingPrecisionResidualIR,"posit<32,2>",Plain,4,185,15,135,660
rajat11,135,WorkingPrecisionResidualIR,"posit<32,2>",Plain,5,65,15,135,660
rajat11,135,WorkingPrecisionResidualIR,"posit<32,2>",Plain,6,15,15,135,660
rajat11,135,WorkingPrecisionResidualIR,"posit<32,2>",Quire,0,35,15,135,660
rajat11,135,WorkingPrecisionResidualIR,"posit<32,2>",Quire,1,25,15,135,660
rajat11,135,WorkingPrecisionResidualIR,"posit<32,2>",Quire,2,90,15,135,660
rajat11,135,WorkingPrecisionResidualIR,"posit<32,2>",Quire,3,245,15,135,660
rajat11,135,WorkingPrecisionResidualIR,"posit<32,2>",Quire,4,185,15,135,660
rajat11,135,WorkingPrecisionResidualIR,"posit<32,2>",Quire,5,65,15,135,660
rajat11,135,WorkingPrecisionResidualIR,"posit<32,2>",Quire,6,15,15,135,660
rajat11,135,WorkingPrecisionResidualIR,"posit<64,3>",Plain,0,7,3,135,132
rajat11,135,WorkingPrecisionResidualIR,"posit<64,3>",Plain,1,5,3,135,132
rajat11,135,WorkingPrecisionResidualIR,"posit<64,3>",Plain,2,18,3,135,132
rajat11,135,WorkingPrecisionResidualIR,"posit<64,3>",Plain,3,49,3,135,132
rajat11,135,WorkingPrecisionResidualIR,"posit<64,3>",Plain,4,37,3,135,132
rajat11,135,WorkingPrecisionResidualIR,"posit<64,3>",Plain,5,13,3,135,132
rajat11,135,WorkingPrecisionResidualIR,"posit<64,3>",Plain,6,3,3,135,132
rajat11,135,WorkingPrecisionResidualIR,"posit<64,3>",Quire,0,7,3,135,132
rajat11,135,WorkingPrecisionResidualIR,"posit<64,3>",Quire,1,5,3,135,132
rajat11,135,WorkingPrecisionResidualIR,"posit<64,3>",Quire,2,18,3,135,132
rajat11,135,WorkingPrecisionResidualIR,"posit<64,3>",Quire,3,49,3,135,132
rajat11,135,WorkingPrecisionResidualIR,"posit<64,3>",Quire,4,37,3,135,132
rajat11,135,WorkingPrecisionResidualIR,"posit<64,3>",Quire,5,13,3,135,132
rajat11,135,WorkingPrecisionResidualIR,"posit<64,3>",Quire,6,3,3,135,132
rajat14,180,FactorAccumulatorIR,"posit<16,2>",Plain,0,252,81,180,1539
rajat14,180,FactorAccumulatorIR,"posit<16,2>",Plain,1,783,81,180,1539
rajat14,180,FactorAccumulatorIR,"posit<16,2>",Plain,2,171,81,180,1539
rajat14,180,FactorAccumulatorIR,"posit<16,2>",Plain,3,81,81,180,1539
rajat14,180,FactorAccumulatorIR,"posit<16,2>",Plain,4,27,81,180,1539
rajat14,180,FactorAccumulatorIR,"posit<16,2>",Plain,5,90,81,180,1539
rajat14,180,FactorAccumulatorIR,"posit<16,2>",Plain,6,108,81,180,1539
rajat14,180,FactorAccumulatorIR,"posit<16,2>",Plain,7,9,81,180,1539
rajat14,180,FactorAccumulatorIR,"posit<16,2>",Plain,8,18,81,180,1539
rajat14,180,FactorAccumulatorIR,"posit<16,2>",Quire,0,280,90,180,1710
rajat14,180,FactorAccumulatorIR,"posit<16,2>",Quire,1,870,90,180,1710
rajat14,180,FactorAccumulatorIR,"posit<16,2>",Quire,2,190,90,180,1710
rajat14,180,FactorAccumulatorIR,"posit<16,2>",Quire,3,90,90,180,1710
rajat14,180,FactorAccumulatorIR,"posit<16,2>",Quire,4,30,90,180,1710
rajat14,180,FactorAccumulatorIR,"posit<16,2>",Quire,5,100,90,180,1710
rajat14,180,FactorAccumulatorIR,"posit<16,2>",Quire,6,120,90,180,1710
rajat14,180,FactorAccumulatorIR,"posit<16,2>",Quire,7,10,90,180,1710
rajat14,180,FactorAccumulatorIR,"posit<16,2>",Quire,8,20,90,180,1710
rajat14,180,FactorAccumulatorIR,"posit<32,2>",Plain,0,56,18,180,342
rajat14,180,FactorAccumulatorIR,"posit<32,2>",Plain,1,174,18,180,342
rajat14,180,FactorAccumulatorIR,"posit<32,2>",Plain,2,38,18,180,342
rajat14,180,FactorAccumulatorIR,"posit<32,2>",Plain,3,18,18,180,342
rajat14,180,FactorAccumulatorIR,"posit<32,2>",Plain,4,6,18,180,342
rajat14,180,FactorAccumulatorIR,"posit<32,2>",Plain,5,20,18,180,342
rajat14,180,FactorAccumulatorIR,"posit<32,2>",Plain,6,24,18,180,342
rajat14,180,FactorAccumulatorIR,"posit<32,2>",Plain,7,2,18,180,342
rajat14,180,FactorAccumulatorIR,"posit<32,2>",Plain,8,4,18,180,342
rajat14,180,FactorAccumulatorIR,"posit<32,2>",Quire,0,56,18,180,342
rajat14,180,FactorAccumulatorIR,"posit<32,2>",Quire,1,174,18,180,342
rajat14,180,FactorAccumulatorIR,"posit<32,2>",Quire,2,38,18,180,342
rajat14,180,FactorAccumulatorIR,"posit<32,2>",Quire,3,18,18,180,342
rajat14,180,FactorAccumulatorIR,"posit<32,2>",Quire,4,6,18,180,342
rajat14,180,FactorAccumulatorIR,"posit<32,2>",Quire,5,20,18,180,342
rajat14,180,FactorAccumulatorIR,"posit<32,2>",Quire,6,24,18,180,342
rajat14,180,FactorAccumulatorIR,"posit<32,2>",Quire,7,2,18,180,342
rajat14,180,FactorAccumulatorIR,"posit<32,2>",Quire,8,4,18,180,342
rajat14,180,WorkingPrecisionResidualIR,"posit<32,2>",Plain,0,252,81,180,1539
rajat14,180,WorkingPrecisionResidualIR,"posit<32,2>",Plain,1,783,81,180,1539
rajat14,180,WorkingPrecisionResidualIR,"posit<32,2>",Plain,2,171,81,180,1539
rajat14,180,WorkingPrecisionResidualIR,"posit<32,2>",Plain,3,81,81,180,1539
rajat14,180,WorkingPrecisionResidualIR,"posit<32,2>",Plain,4,27,81,180,1539
rajat14,180,WorkingPrecisionResidualIR,"posit<32,2>",Plain,5,90,81,180,1539
rajat14,180,WorkingPrecisionResidualIR,"posit<32,2>",Plain,6,108,81,180,1539
rajat14,180,WorkingPrecisionResidualIR,"posit<32,2>",Plain,7,9,81,180,1539
rajat14,180,WorkingPrecisionResidualIR,"posit<32,2>",Plain,8,18,81,180,1539
rajat14,180,WorkingPrecisionResidualIR,"posit<32,2>",Quire,0,140,45,180,855
rajat14,180,WorkingPrecisionResidualIR,"posit<32,2>",Quire,1,435,45,180,855
rajat14,180,WorkingPrecisionResidualIR,"posit<32,2>",Quire,2,95,45,180,855
rajat14,180,WorkingPrecisionResidualIR,"posit<32,2>",Quire,3,45,45,180,855
rajat14,180,WorkingPrecisionResidualIR,"posit<32,2>",Quire,4,15,45,180,855
rajat14,180,WorkingPrecisionResidualIR,"posit<32,2>",Quire,5,50,45,180,855
rajat14,180,WorkingPrecisionResidualIR,"posit<32,2>",Quire,6,60,45,180,855
rajat14,180,WorkingPrecisionResidualIR,"posit<32,2>",Quire,7,5,45,180,855
rajat14,180,WorkingPrecisionResidualIR,"posit<32,2>",Quire,8,10,45,180,855
rajat14,180,WorkingPrecisionResidualIR,"posit<64,3>",Plain,0,28,9,180,171
rajat14,180,WorkingPrecisionResidualIR,"posit<64,3>",Plain,1,87,9,180,171
rajat14,180,WorkingPrecisionResidualIR,"posit<64,3>",Plain,2,19,9,180,171
rajat14,180,WorkingPrecisionResidualIR,"posit<64,3>",Plain,3,9,9,180,171
rajat14,180,WorkingPrecisionResidualIR,"posit<64,3>",Plain,4,3,9,180,171
rajat14,180,WorkingPrecisionResidualIR,"posit<64,3>",Plain,5,10,9,180,171
rajat14,180,WorkingPrecisionResidualIR,"posit<64,3>",Plain,6,12,9,180,171
rajat14,180,WorkingPrecisionResidualIR,"posit<64,3>",Plain,7,1,9,180,171
rajat14,180,WorkingPrecisionResidualIR,"posit<64,3>",Plain,8,2,9,180,171
rajat14,180,WorkingPrecisionResidualIR,"posit<64,3>",Quire,0,28,9,180,171
rajat14,180,WorkingPrecisionResidualIR,"posit<64,3>",Quire,1,87,9,180,171
rajat14,180,WorkingPrecisionResidualIR,"posit<64,3>",Quire,2,19,9,180,171
rajat14,180,WorkingPrecisionResidualIR,"posit<64,3>",Quire,3,9,9,180,171
rajat14,180,WorkingPrecisionResidualIR,"posit<64,3>",Quire,4,3,9,180,171
rajat14,180,WorkingPrecisionResidualIR,"posit<64,3>",Quire,5,10,9,180,171
rajat14,180,WorkingPrecisionResidualIR,"posit<64,3>",Quire,6,12,9,180,171
rajat14,180,WorkingPrecisionResidualIR,"posit<64,3>",Quire,7,1,9,180,171
rajat14,180,WorkingPrecisionResidualIR,"posit<64,3>",Quire,8,2,9,180,171
rajat11,135,FactorAccumulatorIR,"posit<16,2>",Plain,0,154,66,135,2904
rajat11,135,FactorAccumulatorIR,"posit<16,2>",Plain,1,110,66,135,2904
rajat11,135,FactorAccumulatorIR,"posit<16,2>",Plain,2,398,66,135,2904
rajat11,135,FactorAccumulatorIR,"posit<16,2>",Plain,3,1078,66,135,2904
rajat11,135,FactorAccumulatorIR,"posit<16,2>",Plain,4,812,66,135,2904
rajat11,135,FactorAccumulatorIR,"posit<16,2>",Plain,5,284,66,135,2904
rajat11,135,FactorAccumulatorIR,"posit<16,2>",Plain,6,68,66,135,2904
rajat11,135,FactorAccumulatorIR,"posit<16,2>",Quire,0,168,72,135,3168
rajat11,135,FactorAccumulatorIR,"posit<16,2>",Quire,1,120,72,135,3168
rajat11,135,FactorAccumulatorIR,"posit<16,2>",Quire,2,433,72,135,3168
rajat11,135,FactorAccumulatorIR,"posit<16,2>",Quire,3,1177,72,135,3168
rajat11,135,FactorAccumulatorIR,"posit<16,2>",Quire,4,886,72,135,3168
rajat11,135,FactorAccumulatorIR,"posit<16,2>",Quire,5,312,72,135,3168
rajat11,135,FactorAccumulatorIR,"posit<16,2>",Quire,6,72,72,135,3168
rajat11,135,FactorAccumulatorIR,"posit<32,2>",Plain,0,14,6,135,264
rajat11,135,FactorAccumulatorIR,"posit<32,2>",Plain,1,10,6,135,264
rajat11,135,FactorAccumulatorIR,"posit<32,2>",Plain,2,36,6,135,264
rajat11,135,FactorAccumulatorIR,"posit<32,2>",Plain,3,98,6,135,264
rajat11,135,FactorAccumulatorIR,"posit<32,2>",Plain,4,74,6,135,264
rajat11,135,FactorAccumulatorIR,"posit<32,2>",Plain,5,26,6,135,264
rajat11,135,FactorAccumulatorIR,"posit<32,2>",Plain,6,6,6,135,264
rajat11,135,FactorAccumulatorIR,"posit<32,2>",Quire,0,14,6,135,264
rajat11,135,FactorAccumulatorIR,"posit<32,2>",Quire,1,10,6,135,264
rajat11,135,FactorAccumulatorIR,"posit<32,2>",Quire,2,36,6,135,264
rajat11,135,FactorAccumulatorIR,"posit<32,2>",Quire,3,98,6,135,264
rajat11,135,FactorAccumulatorIR,"posit<32,2>",Quire,4,74,6,135,264
rajat11,135,FactorAccumulatorIR,"posit<32,2>",Quire,5,26,6,135,264
rajat11,135,FactorAccumulatorIR,"posit<32,2>",Quire,6,6,6,135,264
rajat11,135,WorkingPrecisionResidualIR,"posit<32,2>",Plain,0,35,15,135,660
rajat11,135,WorkingPrecisionResidualIR,"posit<32,2>",Plain,1,25,15,135,660
rajat11,135,WorkingPrecisionResidualIR,"posit<32,2>",Plain,2,90,15,135,660
rajat11,135,WorkingPrecisionResidualIR,"posit<32,2>",Plain,3,245,15,135,660
rajat11,135,WorkingPrecisionResidualIR,"posit<32,2>",Plain,4,185,15,135,660
rajat11,135,WorkingPrecisionResidualIR,"posit<32,2>",Plain,5,65,15,135,660
rajat11,135,WorkingPrecisionResidualIR,"posit<32,2>",Plain,6,15,15,135,660
rajat11,135,WorkingPrecisionResidualIR,"posit<32,2>",Quire,0,35,15,135,660
rajat11,135,WorkingPrecisionResidualIR,"posit<32,2>",Quire,1,25,15,135,660
rajat11,135,WorkingPrecisionResidualIR,"posit<32,2>",Quire,2,90,15,135,660
rajat11,135,WorkingPrecisionResidualIR,"posit<32,2>",Quire,3,245,15,135,660
rajat11,135,WorkingPrecisionResidualIR,"posit<32,2>",Quire,4,185,15,135,660
rajat11,135,WorkingPrecisionResidualIR,"posit<32,2>",Quire,5,65,15,135,660
rajat11,135,WorkingPrecisionResidualIR,"posit<32,2>",Quire,6,15,15,135,660
rajat11,135,WorkingPrecisionResidualIR,"posit<64,3>",Plain,0,7,3,135,132
rajat11,135,WorkingPrecisionResidualIR,"posit<64,3>",Plain,1,5,3,135,132
rajat11,135,WorkingPrecisionResidualIR,"posit<64,3>",Plain,2,18,3,135,132
rajat11,135,WorkingPrecisionResidualIR,"posit<64,3>",Plain,3,49,3,135,132
rajat11,135,WorkingPrecisionResidualIR,"posit<64,3>",Plain,4,37,3,135,132
rajat11,135,WorkingPrecisionResidualIR,"posit<64,3>",Plain,5,13,3,135,132
rajat11,135,WorkingPrecisionResidualIR,"posit<64,3>",Plain,6,3,3,135,132
rajat11,135,WorkingPrecisionResidualIR,"posit<64,3>",Quire,0,7,3,135,132
rajat11,135,WorkingPrecisionResidualIR,"posit<64,3>",Quire,1,5,3,135,132
rajat11,135,WorkingPrecisionResidualIR,"posit<64,3>",Quire,2,18,3,135,132
rajat11,135,WorkingPrecisionResidualIR,"posit<64,3>",Quire,3,49,3,135,132
rajat11,135,WorkingPrecisionResidualIR,"posit<64,3>",Quire,4,37,3,135,132
rajat11,135,WorkingPrecisionResidualIR,"posit<64,3>",Quire,5,13,3,135,132
rajat11,135,WorkingPrecisionResidualIR,"posit<64,3>",Quire,6,3,3,135,132
rajat14,180,FactorAccumulatorIR,"posit<16,2>",Plain,0,252,81,180,1539
rajat14,180,FactorAccumulatorIR,"posit<16,2>",Plain,1,783,81,180,1539
rajat14,180,FactorAccumulatorIR,"posit<16,2>",Plain,2,171,81,180,1539
rajat14,180,FactorAccumulatorIR,"posit<16,2>",Plain,3,81,81,180,1539
rajat14,180,FactorAccumulatorIR,"posit<16,2>",Plain,4,27,81,180,1539
rajat14,180,FactorAccumulatorIR,"posit<16,2>",Plain,5,90,81,180,1539
rajat14,180,FactorAccumulatorIR,"posit<16,2>",Plain,6,108,81,180,1539
rajat14,180,FactorAccumulatorIR,"posit<16,2>",Plain,7,9,81,180,1539
rajat14,180,FactorAccumulatorIR,"posit<16,2>",Plain,8,18,81,180,1539
rajat14,180,FactorAccumulatorIR,"posit<16,2>",Quire,0,280,90,180,1710
rajat14,180,FactorAccumulatorIR,"posit<16,2>",Quire,1,870,90,180,1710
rajat14,180,FactorAccumulatorIR,"posit<16,2>",Quire,2,190,90,180,1710
rajat14,180,FactorAccumulatorIR,"posit<16,2>",Quire,3,90,90,180,1710
rajat14,180,FactorAccumulatorIR,"posit<16,2>",Quire,4,30,90,180,1710
rajat14,180,FactorAccumulatorIR,"posit<16,2>",Quire,5,100,90,180,1710
rajat14,180,FactorAccumulatorIR,"posit<16,2>",Quire,6,120,90,180,1710
rajat14,180,FactorAccumulatorIR,"posit<16,2>",Quire,7,10,90,180,1710
rajat14,180,FactorAccumulatorIR,"posit<16,2>",Quire,8,20,90,180,1710
rajat14,180,FactorAccumulatorIR,"posit<32,2>",Plain,0,56,18,180,342
rajat14,180,FactorAccumulatorIR,"posit<32,2>",Plain,1,174,18,180,342
rajat14,180,FactorAccumulatorIR,"posit<32,2>",Plain,2,38,18,180,342
rajat14,180,FactorAccumulatorIR,"posit<32,2>",Plain,3,18,18,180,342
rajat14,180,FactorAccumulatorIR,"posit<32,2>",Plain,4,6,18,180,342
rajat14,180,FactorAccumulatorIR,"posit<32,2>",Plain,5,20,18,180,342
rajat14,180,FactorAccumulatorIR,"posit<32,2>",Plain,6,24,18,180,342
rajat14,180,FactorAccumulatorIR,"posit<32,2>",Plain,7,2,18,180,342
rajat14,180,FactorAccumulatorIR,"posit<32,2>",Plain,8,4,18,180,342
rajat14,180,FactorAccumulatorIR,"posit<32,2>",Quire,0,56,18,180,342
rajat14,180,FactorAccumulatorIR,"posit<32,2>",Quire,1,174,18,180,342
rajat14,180,FactorAccumulatorIR,"posit<32,2>",Quire,2,38,18,180,342
rajat14,180,FactorAccumulatorIR,"posit<32,2>",Quire,3,18,18,180,342
rajat14,180,FactorAccumulatorIR,"posit<32,2>",Quire,4,6,18,180,342
rajat14,180,FactorAccumulatorIR,"posit<32,2>",Quire,5,20,18,180,342
rajat14,180,FactorAccumulatorIR,"posit<32,2>",Quire,6,24,18,180,342
rajat14,180,FactorAccumulatorIR,"posit<32,2>",Quire,7,2,18,180,342
rajat14,180,FactorAccumulatorIR,"posit<32,2>",Quire,8,4,18,180,342
rajat14,180,WorkingPrecisionResidualIR,"posit<32,2>",Plain,0,252,81,180,1539
rajat14,180,WorkingPrecisionResidualIR,"posit<32,2>",Plain,1,783,81,180,1539
rajat14,180,WorkingPrecisionResidualIR,"posit<32,2>",Plain,2,171,81,180,1539
rajat14,180,WorkingPrecisionResidualIR,"posit<32,2>",Plain,3,81,81,180,1539
rajat14,180,WorkingPrecisionResidualIR,"posit<32,2>",Plain,4,27,81,180,1539
rajat14,180,WorkingPrecisionResidualIR,"posit<32,2>",Plain,5,90,81,180,1539
rajat14,180,WorkingPrecisionResidualIR,"posit<32,2>",Plain,6,108,81,180,1539
rajat14,180,WorkingPrecisionResidualIR,"posit<32,2>",Plain,7,9,81,180,1539
rajat14,180,WorkingPrecisionResidualIR,"posit<32,2>",Plain,8,18,81,180,1539
rajat14,180,WorkingPrecisionResidualIR,"posit<32,2>",Quire,0,140,45,180,855
rajat14,180,WorkingPrecisionResidualIR,"posit<32,2>",Quire,1,435,45,180,855
rajat14,180,WorkingPrecisionResidualIR,"posit<32,2>",Quire,2,95,45,180,855
rajat14,180,WorkingPrecisionResidualIR,"posit<32,2>",Quire,3,45,45,180,855
rajat14,180,WorkingPrecisionResidualIR,"posit<32,2>",Quire,4,15,45,180,855
rajat14,180,WorkingPrecisionResidualIR,"posit<32,2>",Quire,5,50,45,180,855
rajat14,180,WorkingPrecisionResidualIR,"posit<32,2>",Quire,6,60,45,180,855
rajat14,180,WorkingPrecisionResidualIR,"posit<32,2>",Quire,7,5,45,180,855
rajat14,180,WorkingPrecisionResidualIR,"posit<32,2>",Quire,8,10,45,180,855
rajat14,180,WorkingPrecisionResidualIR,"posit<64,3>",Plain,0,28,9,180,171
rajat14,180,WorkingPrecisionResidualIR,"posit<64,3>",Plain,1,87,9,180,171
rajat14,180,WorkingPrecisionResidualIR,"posit<64,3>",Plain,2,19,9,180,171
rajat14,180,WorkingPrecisionResidualIR,"posit<64,3>",Plain,3,9,9,180,171
rajat14,180,WorkingPrecisionResidualIR,"posit<64,3>",Plain,4,3,9,180,171
rajat14,180,WorkingPrecisionResidualIR,"posit<64,3>",Plain,5,10,9,180,171
rajat14,180,WorkingPrecisionResidualIR,"posit<64,3>",Plain,6,12,9,180,171
rajat14,180,WorkingPrecisionResidualIR,"posit<64,3>",Plain,7,1,9,180,171
rajat14,180,WorkingPrecisionResidualIR,"posit<64,3>",Plain,8,2,9,180,171
rajat14,180,WorkingPrecisionResidualIR,"posit<64,3>",Quire,0,28,9,180,171
rajat14,180,WorkingPrecisionResidualIR,"posit<64,3>",Quire,1,87,9,180,171
rajat14,180,WorkingPrecisionResidualIR,"posit<64,3>",Quire,2,19,9,180,171
rajat14,180,WorkingPrecisionResidualIR,"posit<64,3>",Quire,3,9,9,180,171
rajat14,180,WorkingPrecisionResidualIR,"posit<64,3>",Quire,4,3,9,180,171
rajat14,180,WorkingPrecisionResidualIR,"posit<64,3>",Quire,5,10,9,180,171
rajat14,180,WorkingPrecisionResidualIR,"posit<64,3>",Quire,6,12,9,180,171
rajat14,180,WorkingPrecisionResidualIR,"posit<64,3>",Quire,7,1,9,180,171
rajat14,180,WorkingPrecisionResidualIR,"posit<64,3>",Quire,8,2,9,180,171
rajat05,301,FactorAccumulatorIR,"posit<16,2>",Plain,0,1400,75,301,7450
rajat05,301,FactorAccumulatorIR,"posit<16,2>",Plain,1,256,75,301,7450
rajat05,301,FactorAccumulatorIR,"posit<16,2>",Plain,2,1165,75,301,7450
rajat05,301,FactorAccumulatorIR,"posit<16,2>",Plain,3,2047,75,301,7450
rajat05,301,FactorAccumulatorIR,"posit<16,2>",Plain,4,816,75,301,7450
rajat05,301,FactorAccumulatorIR,"posit<16,2>",Plain,5,1550,75,301,7450
rajat05,301,FactorAccumulatorIR,"posit<16,2>",Plain,6,216,75,301,7450
rajat05,301,FactorAccumulatorIR,"posit<16,2>",Quire,0,1624,87,301,8642
rajat05,301,FactorAccumulatorIR,"posit<16,2>",Quire,1,290,87,301,8642
rajat05,301,FactorAccumulatorIR,"posit<16,2>",Quire,2,1354,87,301,8642
rajat05,301,FactorAccumulatorIR,"posit<16,2>",Quire,3,2339,87,301,8642
rajat05,301,FactorAccumulatorIR,"posit<16,2>",Quire,4,965,87,301,8642
rajat05,301,FactorAccumulatorIR,"posit<16,2>",Quire,5,1811,87,301,8642
rajat05,301,FactorAccumulatorIR,"posit<16,2>",Quire,6,259,87,301,8642
rajat05,301,FactorAccumulatorIR,"posit<32,2>",Plain,0,168,9,301,894
rajat05,301,FactorAccumulatorIR,"posit<32,2>",Plain,1,30,9,301,894
rajat05,301,FactorAccumulatorIR,"posit<32,2>",Plain,2,141,9,301,894
rajat05,301,FactorAccumulatorIR,"posit<32,2>",Plain,3,245,9,301,894
rajat05,301,FactorAccumulatorIR,"posit<32,2>",Plain,4,98,9,301,894
rajat05,301,FactorAccumulatorIR,"posit<32,2>",Plain,5,185,9,301,894
rajat05,301,FactorAccumulatorIR,"posit<32,2>",Plain,6,27,9,301,894
rajat05,301,FactorAccumulatorIR,"posit<32,2>",Quire,0,168,9,301,894
rajat05,301,FactorAccumulatorIR,"posit<32,2>",Quire,1,30,9,301,894
rajat05,301,FactorAccumulatorIR,"posit<32,2>",Quire,2,141,9,301,894
rajat05,301,FactorAccumulatorIR,"posit<32,2>",Quire,3,248,9,301,894
rajat05,301,FactorAccumulatorIR,"posit<32,2>",Quire,4,91,9,301,894
rajat05,301,FactorAccumulatorIR,"posit<32,2>",Quire,5,186,9,301,894
rajat05,301,FactorAccumulatorIR,"posit<32,2>",Quire,6,30,9,301,894
rajat05,301,WorkingPrecisionResidualIR,"posit<32,2>",Plain,0,448,24,301,2384
rajat05,301,WorkingPrecisionResidualIR,"posit<32,2>",Plain,1,80,24,301,2384
rajat05,301,WorkingPrecisionResidualIR,"posit<32,2>",Plain,2,376,24,301,2384
rajat05,301,WorkingPrecisionResidualIR,"posit<32,2>",Plain,3,653,24,301,2384
rajat05,301,WorkingPrecisionResidualIR,"posit<32,2>",Plain,4,259,24,301,2384
rajat05,301,WorkingPrecisionResidualIR,"posit<32,2>",Plain,5,493,24,301,2384
rajat05,301,WorkingPrecisionResidualIR,"posit<32,2>",Plain,6,75,24,301,2384
rajat05,301,WorkingPrecisionResidualIR,"posit<32,2>",Quire,0,280,15,301,1490
rajat05,301,WorkingPrecisionResidualIR,"posit<32,2>",Quire,1,50,15,301,1490
rajat05,301,WorkingPrecisionResidualIR,"posit<32,2>",Quire,2,235,15,301,1490
rajat05,301,WorkingPrecisionResidualIR,"posit<32,2>",Quire,3,409,15,301,1490
rajat05,301,WorkingPrecisionResidualIR,"posit<32,2>",Quire,4,162,15,301,1490
rajat05,301,WorkingPrecisionResidualIR,"posit<32,2>",Quire,5,309,15,301,1490
rajat05,301,WorkingPrecisionResidualIR,"posit<32,2>",Quire,6,45,15,301,1490
rajat05,301,WorkingPrecisionResidualIR,"posit<64,3>",Plain,0,56,3,301,298
rajat05,301,WorkingPrecisionResidualIR,"posit<64,3>",Plain,1,10,3,301,298
rajat05,301,WorkingPrecisionResidualIR,"posit<64,3>",Plain,2,47,3,301,298
rajat05,301,WorkingPrecisionResidualIR,"posit<64,3>",Plain,3,83,3,301,298
rajat05,301,WorkingPrecisionResidualIR,"posit<64,3>",Plain,4,28,3,301,298
rajat05,301,WorkingPrecisionResidualIR,"posit<64,3>",Plain,5,64,3,301,298
rajat05,301,WorkingPrecisionResidualIR,"posit<64,3>",Plain,6,10,3,301,298
rajat05,301,WorkingPrecisionResidualIR,"posit<64,3>",Quire,0,56,3,301,298
rajat05,301,WorkingPrecisionResidualIR,"posit<64,3>",Quire,1,10,3,301,298
rajat05,301,WorkingPrecisionResidualIR,"posit<64,3>",Quire,2,47,3,301,298
rajat05,301,WorkingPrecisionResidualIR,"posit<64,3>",Quire,3,83,3,301,298
rajat05,301,WorkingPrecisionResidualIR,"posit<64,3>",Quire,4,28,3,301,298
rajat05,301,WorkingPrecisionResidualIR,"posit<64,3>",Quire,5,64,3,301,298
rajat05,301,WorkingPrecisionResidualIR,"posit<64,3>",Quire,6,10,3,301,298
rajat19,1157,FactorAccumulatorIR,"posit<16,2>",Plain,0,7636,2376,1157,13822
rajat19,1157,FactorAccumulatorIR,"posit<16,2>",Plain,1,536,2376,1157,13822
rajat19,1157,FactorAccumulatorIR,"posit<16,2>",Plain,2,2843,2376,1157,13822
rajat19,1157,FactorAccumulatorIR,"posit<16,2>",Plain,3,275,2376,1157,13822
rajat19,1157,FactorAccumulatorIR,"posit<16,2>",Plain,4,58,2376,1157,13822
rajat19,1157,FactorAccumulatorIR,"posit<16,2>",Plain,5,706,2376,1157,13822
rajat19,1157,FactorAccumulatorIR,"posit<16,2>",Plain,6,1516,2376,1157,13822
rajat19,1157,FactorAccumulatorIR,"posit<16,2>",Plain,8,8,2376,1157,13822
rajat19,1157,FactorAccumulatorIR,"posit<16,2>",Plain,9,20,2376,1157,13822
rajat19,1157,FactorAccumulatorIR,"posit<16,2>",Plain,20,112,2376,1157,13822
rajat19,1157,FactorAccumulatorIR,"posit<16,2>",Plain,21,112,2376,1157,13822
rajat19,1157,FactorAccumulatorIR,"posit<16,2>",Quire,0,6007,1848,1157,10879
rajat19,1157,FactorAccumulatorIR,"posit<16,2>",Quire,1,539,1848,1157,10879
rajat19,1157,FactorAccumulatorIR,"posit<16,2>",Quire,2,2113,1848,1157,10879
rajat19,1157,FactorAccumulatorIR,"posit<16,2>",Quire,3,186,1848,1157,10879
rajat19,1157,FactorAccumulatorIR,"posit<16,2>",Quire,4,43,1848,1157,10879
rajat19,1157,FactorAccumulatorIR,"posit<16,2>",Quire,5,436,1848,1157,10879
rajat19,1157,FactorAccumulatorIR,"posit<16,2>",Quire,6,1357,1848,1157,10879
rajat19,1157,FactorAccumulatorIR,"posit<16,2>",Quire,8,4,1848,1157,10879
rajat19,1157,FactorAccumulatorIR,"posit<16,2>",Quire,9,18,1848,1157,10879
rajat19,1157,FactorAccumulatorIR,"posit<16,2>",Quire,20,88,1848,1157,10879
rajat19,1157,FactorAccumulatorIR,"posit<16,2>",Quire,21,88,1848,1157,10879
rajat19,1157,FactorAccumulatorIR,"posit<32,2>",Plain,0,2785,840,1157,4945
rajat19,1157,FactorAccumulatorIR,"posit<32,2>",Plain,1,185,840,1157,4945
rajat19,1157,FactorAccumulatorIR,"posit<32,2>",Plain,2,990,840,1157,4945
rajat19,1157,FactorAccumulatorIR,"posit<32,2>",Plain,3,55,840,1157,4945
rajat19,1157,FactorAccumulatorIR,"posit<32,2>",Plain,4,20,840,1157,4945
rajat19,1157,FactorAccumulatorIR,"posit<32,2>",Plain,5,225,840,1157,4945
rajat19,1157,FactorAccumulatorIR,"posit<32,2>",Plain,6,595,840,1157,4945
rajat19,1157,FactorAccumulatorIR,"posit<32,2>",Plain,8,3,840,1157,4945
rajat19,1157,FactorAccumulatorIR,"posit<32,2>",Plain,9,7,840,1157,4945
rajat19,1157,FactorAccumulatorIR,"posit<32,2>",Plain,20,40,840,1157,4945
rajat19,1157,FactorAccumulatorIR,"posit<32,2>",Plain,21,40,840,1157,4945
rajat19,1157,FactorAccumulatorIR,"posit<32,2>",Quire,0,2228,672,1157,3956
rajat19,1157,FactorAccumulatorIR,"posit<32,2>",Quire,1,148,672,1157,3956
rajat19,1157,FactorAccumulatorIR,"posit<32,2>",Quire,2,793,672,1157,3956
rajat19,1157,FactorAccumulatorIR,"posit<32,2>",Quire,3,43,672,1157,3956
rajat19,1157,FactorAccumulatorIR,"posit<32,2>",Quire,4,16,672,1157,3956
rajat19,1157,FactorAccumulatorIR,"posit<32,2>",Quire,5,212,672,1157,3956
rajat19,1157,FactorAccumulatorIR,"posit<32,2>",Quire,6,444,672,1157,3956
rajat19,1157,FactorAccumulatorIR,"posit<32,2>",Quire,8,2,672,1157,3956
rajat19,1157,FactorAccumulatorIR,"posit<32,2>",Quire,9,6,672,1157,3956
rajat19,1157,FactorAccumulatorIR,"posit<32,2>",Quire,20,32,672,1157,3956
rajat19,1157,FactorAccumulatorIR,"posit<32,2>",Quire,21,32,672,1157,3956
rajat19,1157,WorkingPrecisionResidualIR,"posit<32,2>",Plain,0,3342,1008,1157,5934
rajat19,1157,WorkingPrecisionResidualIR,"posit<32,2>",Plain,1,222,1008,1157,5934
rajat19,1157,WorkingPrecisionResidualIR,"posit<32,2>",Plain,2,1164,1008,1157,5934
rajat19,1157,WorkingPrecisionResidualIR,"posit<32,2>",Plain,3,90,1008,1157,5934
rajat19,1157,WorkingPrecisionResidualIR,"posit<32,2>",Plain,4,24,1008,1157,5934
rajat19,1157,WorkingPrecisionResidualIR,"posit<32,2>",Plain,5,354,1008,1157,5934
rajat19,1157,WorkingPrecisionResidualIR,"posit<32,2>",Plain,6,630,1008,1157,5934
rajat19,1157,WorkingPrecisionResidualIR,"posit<32,2>",Plain,8,6,1008,1157,5934
rajat19,1157,WorkingPrecisionResidualIR,"posit<32,2>",Plain,9,6,1008,1157,5934
rajat19,1157,WorkingPrecisionResidualIR,"posit<32,2>",Plain,20,48,1008,1157,5934
rajat19,1157,WorkingPrecisionResidualIR,"posit<32,2>",Plain,21,48,1008,1157,5934
rajat19,1157,WorkingPrecisionResidualIR,"posit<32,2>",Quire,0,2785,840,1157,4945
rajat19,1157,WorkingPrecisionResidualIR,"posit<32,2>",Quire,1,185,840,1157,4945
rajat19,1157,WorkingPrecisionResidualIR,"posit<32,2>",Quire,2,973,840,1157,4945
rajat19,1157,WorkingPrecisionResidualIR,"posit<32,2>",Quire,3,72,840,1157,4945
rajat19,1157,WorkingPrecisionResidualIR,"posit<32,2>",Quire,4,20,840,1157,4945
rajat19,1157,WorkingPrecisionResidualIR,"posit<32,2>",Quire,5,113,840,1157,4945
rajat19,1157,WorkingPrecisionResidualIR,"posit<32,2>",Quire,6,707,840,1157,4945
rajat19,1157,WorkingPrecisionResidualIR,"posit<32,2>",Quire,8,6,840,1157,4945
rajat19,1157,WorkingPrecisionResidualIR,"posit<32,2>",Quire,9,4,840,1157,4945
rajat19,1157,WorkingPrecisionResidualIR,"posit<32,2>",Quire,20,40,840,1157,4945
rajat19,1157,WorkingPrecisionResidualIR,"posit<32,2>",Quire,21,40,840,1157,4945
rajat19,1157,WorkingPrecisionResidualIR,"posit<64,3>",Plain,0,557,168,1157,989
rajat19,1157,WorkingPrecisionResidualIR,"posit<64,3>",Plain,1,37,168,1157,989
rajat19,1157,WorkingPrecisionResidualIR,"posit<64,3>",Plain,2,199,168,1157,989
rajat19,1157,WorkingPrecisionResidualIR,"posit<64,3>",Plain,3,10,168,1157,989
rajat19,1157,WorkingPrecisionResidualIR,"posit<64,3>",Plain,4,4,168,1157,989
rajat19,1157,WorkingPrecisionResidualIR,"posit<64,3>",Plain,5,83,168,1157,989
rajat19,1157,WorkingPrecisionResidualIR,"posit<64,3>",Plain,6,81,168,1157,989
rajat19,1157,WorkingPrecisionResidualIR,"posit<64,3>",Plain,8,2,168,1157,989
rajat19,1157,WorkingPrecisionResidualIR,"posit<64,3>",Plain,20,8,168,1157,989
rajat19,1157,WorkingPrecisionResidualIR,"posit<64,3>",Plain,21,8,168,1157,989
rajat19,1157,WorkingPrecisionResidualIR,"posit<64,3>",Quire,0,557,168,1157,989
rajat19,1157,WorkingPrecisionResidualIR,"posit<64,3>",Quire,1,37,168,1157,989
rajat19,1157,WorkingPrecisionResidualIR,"posit<64,3>",Quire,2,199,168,1157,989
rajat19,1157,WorkingPrecisionResidualIR,"posit<64,3>",Quire,3,10,168,1157,989
rajat19,1157,WorkingPrecisionResidualIR,"posit<64,3>",Quire,4,4,168,1157,989
rajat19,1157,WorkingPrecisionResidualIR,"posit<64,3>",Quire,5,83,168,1157,989
rajat19,1157,WorkingPrecisionResidualIR,"posit<64,3>",Quire,6,81,168,1157,989
rajat19,1157,WorkingPrecisionResidualIR,"posit<64,3>",Quire,8,2,168,1157,989
rajat19,1157,WorkingPrecisionResidualIR,"posit<64,3>",Quire,20,8,168,1157,989
rajat19,1157,WorkingPrecisionResidualIR,"posit<64,3>",Quire,21,8,168,1157,989
rajat04,1041,FactorAccumulatorIR,"posit<16,2>",Plain,0,819,288,1041,9081
rajat04,1041,FactorAccumulatorIR,"posit<16,2>",Plain,1,4158,288,1041,9081
rajat04,1041,FactorAccumulatorIR,"posit<16,2>",Plain,2,1476,288,1041,9081
rajat04,1041,FactorAccumulatorIR,"posit<16,2>",Plain,3,279,288,1041,9081
rajat04,1041,FactorAccumulatorIR,"posit<16,2>",Plain,4,756,288,1041,9081
rajat04,1041,FactorAccumulatorIR,"posit<16,2>",Plain,5,567,288,1041,9081
rajat04,1041,FactorAccumulatorIR,"posit<16,2>",Plain,6,837,288,1041,9081
rajat04,1041,FactorAccumulatorIR,"posit<16,2>",Plain,7,144,288,1041,9081
rajat04,1041,FactorAccumulatorIR,"posit<16,2>",Plain,8,45,288,1041,9081
rajat04,1041,FactorAccumulatorIR,"posit<16,2>",Quire,0,728,256,1041,8072
rajat04,1041,FactorAccumulatorIR,"posit<16,2>",Quire,1,3696,256,1041,8072
rajat04,1041,FactorAccumulatorIR,"posit<16,2>",Quire,2,1312,256,1041,8072
rajat04,1041,FactorAccumulatorIR,"posit<16,2>",Quire,3,248,256,1041,8072
rajat04,1041,FactorAccumulatorIR,"posit<16,2>",Quire,4,672,256,1041,8072
rajat04,1041,FactorAccumulatorIR,"posit<16,2>",Quire,5,504,256,1041,8072
rajat04,1041,FactorAccumulatorIR,"posit<16,2>",Quire,6,744,256,1041,8072
rajat04,1041,FactorAccumulatorIR,"posit<16,2>",Quire,7,128,256,1041,8072
rajat04,1041,FactorAccumulatorIR,"posit<16,2>",Quire,8,40,256,1041,8072
rajat04,1041,FactorAccumulatorIR,"posit<32,2>",Plain,0,273,96,1041,3027
rajat04,1041,FactorAccumulatorIR,"posit<32,2>",Plain,1,1386,96,1041,3027
rajat04,1041,FactorAccumulatorIR,"posit<32,2>",Plain,2,492,96,1041,3027
rajat04,1041,FactorAccumulatorIR,"posit<32,2>",Plain,3,93,96,1041,3027
rajat04,1041,FactorAccumulatorIR,"posit<32,2>",Plain,4,252,96,1041,3027
rajat04,1041,FactorAccumulatorIR,"posit<32,2>",Plain,5,189,96,1041,3027
rajat04,1041,FactorAccumulatorIR,"posit<32,2>",Plain,6,279,96,1041,3027
rajat04,1041,FactorAccumulatorIR,"posit<32,2>",Plain,7,48,96,1041,3027
rajat04,1041,FactorAccumulatorIR,"posit<32,2>",Plain,8,15,96,1041,3027
rajat04,1041,FactorAccumulatorIR,"posit<32,2>",Quire,0,182,64,1041,2018
rajat04,1041,FactorAccumulatorIR,"posit<32,2>",Quire,1,924,64,1041,2018
rajat04,1041,FactorAccumulatorIR,"posit<32,2>",Quire,2,328,64,1041,2018
rajat04,1041,FactorAccumulatorIR,"posit<32,2>",Quire,3,62,64,1041,2018
rajat04,1041,FactorAccumulatorIR,"posit<32,2>",Quire,4,168,64,1041,2018
rajat04,1041,FactorAccumulatorIR,"posit<32,2>",Quire,5,126,64,1041,2018
rajat04,1041,FactorAccumulatorIR,"posit<32,2>",Quire,6,186,64,1041,2018
rajat04,1041,FactorAccumulatorIR,"posit<32,2>",Quire,7,32,64,1041,2018
rajat04,1041,FactorAccumulatorIR,"posit<32,2>",Quire,8,10,64,1041,2018
rajat04,1041,WorkingPrecisionResidualIR,"posit<32,2>",Plain,0,728,256,1041,8072
rajat04,1041,WorkingPrecisionResidualIR,"posit<32,2>",Plain,1,3696,256,1041,8072
rajat04,1041,WorkingPrecisionResidualIR,"posit<32,2>",Plain,2,1312,256,1041,8072
rajat04,1041,WorkingPrecisionResidualIR,"posit<32,2>",Plain,3,248,256,1041,8072
rajat04,1041,WorkingPrecisionResidualIR,"posit<32,2>",Plain,4,672,256,1041,8072
rajat04,1041,WorkingPrecisionResidualIR,"posit<32,2>",Plain,5,504,256,1041,8072
rajat04,1041,WorkingPrecisionResidualIR,"posit<32,2>",Plain,6,744,256,1041,8072
rajat04,1041,WorkingPrecisionResidualIR,"posit<32,2>",Plain,7,128,256,1041,8072
rajat04,1041,WorkingPrecisionResidualIR,"posit<32,2>",Plain,8,40,256,1041,8072
rajat04,1041,WorkingPrecisionResidualIR,"posit<32,2>",Quire,0,455,160,1041,5045
rajat04,1041,WorkingPrecisionResidualIR,"posit<32,2>",Quire,1,2310,160,1041,5045
rajat04,1041,WorkingPrecisionResidualIR,"posit<32,2>",Quire,2,820,160,1041,5045
rajat04,1041,WorkingPrecisionResidualIR,"posit<32,2>",Quire,3,155,160,1041,5045
rajat04,1041,WorkingPrecisionResidualIR,"posit<32,2>",Quire,4,420,160,1041,5045
rajat04,1041,WorkingPrecisionResidualIR,"posit<32,2>",Quire,5,315,160,1041,5045
rajat04,1041,WorkingPrecisionResidualIR,"posit<32,2>",Quire,6,465,160,1041,5045
rajat04,1041,WorkingPrecisionResidualIR,"posit<32,2>",Quire,7,80,160,1041,5045
rajat04,1041,WorkingPrecisionResidualIR,"posit<32,2>",Quire,8,25,160,1041,5045
rajat04,1041,WorkingPrecisionResidualIR,"posit<64,3>",Plain,0,91,32,1041,1009
rajat04,1041,WorkingPrecisionResidualIR,"posit<64,3>",Plain,1,462,32,1041,1009
rajat04,1041,WorkingPrecisionResidualIR,"posit<64,3>",Plain,2,164,32,1041,1009
rajat04,1041,WorkingPrecisionResidualIR,"posit<64,3>",Plain,3,31,32,1041,1009
rajat04,1041,WorkingPrecisionResidualIR,"posit<64,3>",Plain,4,84,32,1041,1009
rajat04,1041,WorkingPrecisionResidualIR,"posit<64,3>",Plain,5,63,32,1041,1009
rajat04,1041,WorkingPrecisionResidualIR,"posit<64,3>",Plain,6,93,32,1041,1009
rajat04,1041,WorkingPrecisionResidualIR,"posit<64,3>",Plain,7,16,32,1041,1009
rajat04,1041,WorkingPrecisionResidualIR,"posit<64,3>",Plain,8,5,32,1041,1009
rajat04,1041,WorkingPrecisionResidualIR,"posit<64,3>",Quire,0,91,32,1041,1009
rajat04,1041,WorkingPrecisionResidualIR,"posit<64,3>",Quire,1,462,32,1041,1009
rajat04,1041,WorkingPrecisionResidualIR,"posit<64,3>",Quire,2,164,32,1041,1009
rajat04,1041,WorkingPrecisionResidualIR,"posit<64,3>",Quire,3,31,32,1041,1009
rajat04,1041,WorkingPrecisionResidualIR,"posit<64,3>",Quire,4,84,32,1041,1009
rajat04,1041,WorkingPrecisionResidualIR,"posit<64,3>",Quire,5,63,32,1041,1009
rajat04,1041,WorkingPrecisionResidualIR,"posit<64,3>",Quire,6,93,32,1041,1009
rajat04,1041,WorkingPrecisionResidualIR,"posit<64,3>",Quire,7,16,32,1041,1009
rajat04,1041,WorkingPrecisionResidualIR,"posit<64,3>",Quire,8,5,32,1041,1009
rajat12,1879,FactorAccumulatorIR,"posit<16,2>",Plain,0,338,117,1879,24310
rajat12,1879,FactorAccumulatorIR,"posit<16,2>",Plain,1,11649,117,1879,24310
rajat12,1879,FactorAccumulatorIR,"posit<16,2>",Plain,2,4939,117,1879,24310
rajat12,1879,FactorAccumulatorIR,"posit<16,2>",Plain,3,1326,117,1879,24310
rajat12,1879,FactorAccumulatorIR,"posit<16,2>",Plain,4,4121,117,1879,24310
rajat12,1879,FactorAccumulatorIR,"posit<16,2>",Plain,5,1872,117,1879,24310
rajat12,1879,FactorAccumulatorIR,"posit<16,2>",Plain,6,39,117,1879,24310
rajat12,1879,FactorAccumulatorIR,"posit<16,2>",Plain,7,26,117,1879,24310
rajat12,1879,FactorAccumulatorIR,"posit<16,2>",Quire,0,208,72,1879,14960
rajat12,1879,FactorAccumulatorIR,"posit<16,2>",Quire,1,7168,72,1879,14960
rajat12,1879,FactorAccumulatorIR,"posit<16,2>",Quire,2,3040,72,1879,14960
rajat12,1879,FactorAccumulatorIR,"posit<16,2>",Quire,3,816,72,1879,14960
rajat12,1879,FactorAccumulatorIR,"posit<16,2>",Quire,4,2536,72,1879,14960
rajat12,1879,FactorAccumulatorIR,"posit<16,2>",Quire,5,1152,72,1879,14960
rajat12,1879,FactorAccumulatorIR,"posit<16,2>",Quire,6,24,72,1879,14960
rajat12,1879,FactorAccumulatorIR,"posit<16,2>",Quire,7,16,72,1879,14960
rajat12,1879,FactorAccumulatorIR,"posit<32,2>",Plain,0,78,27,1879,5610
rajat12,1879,FactorAccumulatorIR,"posit<32,2>",Plain,1,2688,27,1879,5610
rajat12,1879,FactorAccumulatorIR,"posit<32,2>",Plain,2,1140,27,1879,5610
rajat12,1879,FactorAccumulatorIR,"posit<32,2>",Plain,3,306,27,1879,5610
rajat12,1879,FactorAccumulatorIR,"posit<32,2>",Plain,4,951,27,1879,5610
rajat12,1879,FactorAccumulatorIR,"posit<32,2>",Plain,5,432,27,1879,5610
rajat12,1879,FactorAccumulatorIR,"posit<32,2>",Plain,6,9,27,1879,5610
rajat12,1879,FactorAccumulatorIR,"posit<32,2>",Plain,7,6,27,1879,5610
rajat12,1879,FactorAccumulatorIR,"posit<32,2>",Quire,0,52,18,1879,3740
rajat12,1879,FactorAccumulatorIR,"posit<32,2>",Quire,1,1792,18,1879,3740
rajat12,1879,FactorAccumulatorIR,"posit<32,2>",Quire,2,760,18,1879,3740
rajat12,1879,FactorAccumulatorIR,"posit<32,2>",Quire,3,204,18,1879,3740
rajat12,1879,FactorAccumulatorIR,"posit<32,2>",Quire,4,634,18,1879,3740
rajat12,1879,FactorAccumulatorIR,"posit<32,2>",Quire,5,288,18,1879,3740
rajat12,1879,FactorAccumulatorIR,"posit<32,2>",Quire,6,6,18,1879,3740
rajat12,1879,FactorAccumulatorIR,"posit<32,2>",Quire,7,4,18,1879,3740
rajat12,1879,WorkingPrecisionResidualIR,"posit<32,2>",Plain,0,182,63,1879,13090
rajat12,1879,WorkingPrecisionResidualIR,"posit<32,2>",Plain,1,6272,63,1879,13090
rajat12,1879,WorkingPrecisionResidualIR,"posit<32,2>",Plain,2,2660,63,1879,13090
rajat12,1879,WorkingPrecisionResidualIR,"posit<32,2>",Plain,3,714,63,1879,13090
rajat12,1879,WorkingPrecisionResidualIR,"posit<32,2>",Plain,4,2219,63,1879,13090
rajat12,1879,WorkingPrecisionResidualIR,"posit<32,2>",Plain,5,1008,63,1879,13090
rajat12,1879,WorkingPrecisionResidualIR,"posit<32,2>",Plain,6,21,63,1879,13090
rajat12,1879,WorkingPrecisionResidualIR,"posit<32,2>",Plain,7,14,63,1879,13090
rajat12,1879,WorkingPrecisionResidualIR,"posit<32,2>",Quire,0,130,45,1879,9350
rajat12,1879,WorkingPrecisionResidualIR,"posit<32,2>",Quire,1,4480,45,1879,9350
rajat12,1879,WorkingPrecisionResidualIR,"posit<32,2>",Quire,2,1900,45,1879,9350
rajat12,1879,WorkingPrecisionResidualIR,"posit<32,2>",Quire,3,510,45,1879,9350
rajat12,1879,WorkingPrecisionResidualIR,"posit<32,2>",Quire,4,1585,45,1879,9350
rajat12,1879,WorkingPrecisionResidualIR,"posit<32,2>",Quire,5,720,45,1879,9350
rajat12,1879,WorkingPrecisionResidualIR,"posit<32,2>",Quire,6,15,45,1879,9350
rajat12,1879,WorkingPrecisionResidualIR,"posit<32,2>",Quire,7,10,45,1879,9350
rajat12,1879,WorkingPrecisionResidualIR,"posit<64,3>",Plain,0,26,9,1879,1870
rajat12,1879,WorkingPrecisionResidualIR,"posit<64,3>",Plain,1,896,9,1879,1870
rajat12,1879,WorkingPrecisionResidualIR,"posit<64,3>",Plain,2,380,9,1879,1870
rajat12,1879,WorkingPrecisionResidualIR,"posit<64,3>",Plain,3,102,9,1879,1870
rajat12,1879,WorkingPrecisionResidualIR,"posit<64,3>",Plain,4,317,9,1879,1870
rajat12,1879,WorkingPrecisionResidualIR,"posit<64,3>",Plain,5,144,9,1879,1870
rajat12,1879,WorkingPrecisionResidualIR,"posit<64,3>",Plain,6,3,9,1879,1870
rajat12,1879,WorkingPrecisionResidualIR,"posit<64,3>",Plain,7,2,9,1879,1870
rajat12,1879,WorkingPrecisionResidualIR,"posit<64,3>",Quire,0,26,9,1879,1870
rajat12,1879,WorkingPrecisionResidualIR,"posit<64,3>",Quire,1,896,9,1879,1870
rajat12,1879,WorkingPrecisionResidualIR,"posit<64,3>",Quire,2,380,9,1879,1870
rajat12,1879,WorkingPrecisionResidualIR,"posit<64,3>",Quire,3,102,9,1879,1870
rajat12,1879,WorkingPrecisionResidualIR,"posit<64,3>",Quire,4,317,9,1879,1870
rajat12,1879,WorkingPrecisionResidualIR,"posit<64,3>",Quire,5,144,9,1879,1870
rajat12,1879,WorkingPrecisionResidualIR,"posit<64,3>",Quire,6,3,9,1879,1870
rajat12,1879,WorkingPrecisionResidualIR,"posit<64,3>",Quire,7,2,9,1879,1870
add20,2395,FactorAccumulatorIR,"posit<16,2>",Plain,0,210,0,2395,11975
add20,2395,FactorAccumulatorIR,"posit<16,2>",Plain,1,124,0,2395,11975
add20,2395,FactorAccumulatorIR,"posit<16,2>",Plain,2,3299,0,2395,11975
add20,2395,FactorAccumulatorIR,"posit<16,2>",Plain,3,1437,0,2395,11975
add20,2395,FactorAccumulatorIR,"posit<16,2>",Plain,4,926,0,2395,11975
add20,2395,FactorAccumulatorIR,"posit<16,2>",Plain,5,1154,0,2395,11975
add20,2395,FactorAccumulatorIR,"posit<16,2>",Plain,6,177,0,2395,11975
add20,2395,FactorAccumulatorIR,"posit<16,2>",Plain,7,1727,0,2395,11975
add20,2395,FactorAccumulatorIR,"posit<16,2>",Plain,8,1210,0,2395,11975
add20,2395,FactorAccumulatorIR,"posit<16,2>",Plain,9,701,0,2395,11975
add20,2395,FactorAccumulatorIR,"posit<16,2>",Plain,10,1009,0,2395,11975
add20,2395,FactorAccumulatorIR,"posit<16,2>",Plain,11,1,0,2395,11975
add20,2395,FactorAccumulatorIR,"posit<16,2>",Quire,0,168,0,2395,9580
add20,2395,FactorAccumulatorIR,"posit<16,2>",Quire,1,96,0,2395,9580
add20,2395,FactorAccumulatorIR,"posit<16,2>",Quire,2,2629,0,2395,9580
add20,2395,FactorAccumulatorIR,"posit<16,2>",Quire,3,1158,0,2395,9580
add20,2395,FactorAccumulatorIR,"posit<16,2>",Quire,4,742,0,2395,9580
add20,2395,FactorAccumulatorIR,"posit<16,2>",Quire,5,926,0,2395,9580
add20,2395,FactorAccumulatorIR,"posit<16,2>",Quire,6,144,0,2395,9580
add20,2395,FactorAccumulatorIR,"posit<16,2>",Quire,7,1367,0,2395,9580
add20,2395,FactorAccumulatorIR,"posit<16,2>",Quire,8,981,0,2395,9580
add20,2395,FactorAccumulatorIR,"posit<16,2>",Quire,9,558,0,2395,9580
add20,2395,FactorAccumulatorIR,"posit<16,2>",Quire,10,810,0,2395,9580
add20,2395,FactorAccumulatorIR,"posit<16,2>",Quire,11,1,0,2395,9580
add20,2395,FactorAccumulatorIR,"posit<32,2>",Plain,0,126,0,2395,7185
add20,2395,FactorAccumulatorIR,"posit<32,2>",Plain,1,87,0,2395,7185
add20,2395,FactorAccumulatorIR,"posit<32,2>",Plain,2,1971,0,2395,7185
add20,2395,FactorAccumulatorIR,"posit<32,2>",Plain,3,858,0,2395,7185
add20,2395,FactorAccumulatorIR,"posit<32,2>",Plain,4,600,0,2395,7185
add20,2395,FactorAccumulatorIR,"posit<32,2>",Plain,5,645,0,2395,7185
add20,2395,FactorAccumulatorIR,"posit<32,2>",Plain,6,96,0,2395,7185
add20,2395,FactorAccumulatorIR,"posit<32,2>",Plain,7,1080,0,2395,7185
add20,2395,FactorAccumulatorIR,"posit<32,2>",Plain,8,708,0,2395,7185
add20,2395,FactorAccumulatorIR,"posit<32,2>",Plain,9,396,0,2395,7185
add20,2395,FactorAccumulatorIR,"posit<32,2>",Plain,10,618,0,2395,7185
add20,2395,FactorAccumulatorIR,"posit<32,2>",Quire,0,126,0,2395,7185
add20,2395,FactorAccumulatorIR,"posit<32,2>",Quire,1,87,0,2395,7185
add20,2395,FactorAccumulatorIR,"posit<32,2>",Quire,2,1971,0,2395,7185
add20,2395,FactorAccumulatorIR,"posit<32,2>",Quire,3,858,0,2395,7185
add20,2395,FactorAccumulatorIR,"posit<32,2>",Quire,4,600,0,2395,7185
add20,2395,FactorAccumulatorIR,"posit<32,2>",Quire,5,645,0,2395,7185
add20,2395,FactorAccumulatorIR,"posit<32,2>",Quire,6,96,0,2395,7185
add20,2395,FactorAccumulatorIR,"posit<32,2>",Quire,7,1080,0,2395,7185
add20,2395,FactorAccumulatorIR,"posit<32,2>",Quire,8,708,0,2395,7185
add20,2395,FactorAccumulatorIR,"posit<32,2>",Quire,9,396,0,2395,7185
add20,2395,FactorAccumulatorIR,"posit<32,2>",Quire,10,618,0,2395,7185
add20,2395,WorkingPrecisionResidualIR,"posit<32,2>",Plain,0,210,0,2395,11975
add20,2395,WorkingPrecisionResidualIR,"posit<32,2>",Plain,1,145,0,2395,11975
add20,2395,WorkingPrecisionResidualIR,"posit<32,2>",Plain,2,3285,0,2395,11975
add20,2395,WorkingPrecisionResidualIR,"posit<32,2>",Plain,3,1430,0,2395,11975
add20,2395,WorkingPrecisionResidualIR,"posit<32,2>",Plain,4,1000,0,2395,11975
add20,2395,WorkingPrecisionResidualIR,"posit<32,2>",Plain,5,1075,0,2395,11975
add20,2395,WorkingPrecisionResidualIR,"posit<32,2>",Plain,6,160,0,2395,11975
add20,2395,WorkingPrecisionResidualIR,"posit<32,2>",Plain,7,1800,0,2395,11975
add20,2395,WorkingPrecisionResidualIR,"posit<32,2>",Plain,8,1180,0,2395,11975
add20,2395,WorkingPrecisionResidualIR,"posit<32,2>",Plain,9,660,0,2395,11975
add20,2395,WorkingPrecisionResidualIR,"posit<32,2>",Plain,10,1030,0,2395,11975
add20,2395,WorkingPrecisionResidualIR,"posit<32,2>",Quire,0,252,0,2395,14370
add20,2395,WorkingPrecisionResidualIR,"posit<32,2>",Quire,1,174,0,2395,14370
add20,2395,WorkingPrecisionResidualIR,"posit<32,2>",Quire,2,3942,0,2395,14370
add20,2395,WorkingPrecisionResidualIR,"posit<32,2>",Quire,3,1716,0,2395,14370
add20,2395,WorkingPrecisionResidualIR,"posit<32,2>",Quire,4,1200,0,2395,14370
add20,2395,WorkingPrecisionResidualIR,"posit<32,2>",Quire,5,1290,0,2395,14370
add20,2395,WorkingPrecisionResidualIR,"posit<32,2>",Quire,6,192,0,2395,14370
add20,2395,WorkingPrecisionResidualIR,"posit<32,2>",Quire,7,2160,0,2395,14370
add20,2395,WorkingPrecisionResidualIR,"posit<32,2>",Quire,8,1416,0,2395,14370
add20,2395,WorkingPrecisionResidualIR,"posit<32,2>",Quire,9,792,0,2395,14370
add20,2395,WorkingPrecisionResidualIR,"posit<32,2>",Quire,10,1236,0,2395,14370
add20,2395,WorkingPrecisionResidualIR,"posit<64,3>",Plain,0,42,0,2395,2395
add20,2395,WorkingPrecisionResidualIR,"posit<64,3>",Plain,1,29,0,2395,2395
add20,2395,WorkingPrecisionResidualIR,"posit<64,3>",Plain,2,657,0,2395,2395
add20,2395,WorkingPrecisionResidualIR,"posit<64,3>",Plain,3,286,0,2395,2395
add20,2395,WorkingPrecisionResidualIR,"posit<64,3>",Plain,4,200,0,2395,2395
add20,2395,WorkingPrecisionResidualIR,"posit<64,3>",Plain,5,215,0,2395,2395
add20,2395,WorkingPrecisionResidualIR,"posit<64,3>",Plain,6,32,0,2395,2395
add20,2395,WorkingPrecisionResidualIR,"posit<64,3>",Plain,7,360,0,2395,2395
add20,2395,WorkingPrecisionResidualIR,"posit<64,3>",Plain,8,236,0,2395,2395
add20,2395,WorkingPrecisionResidualIR,"posit<64,3>",Plain,9,132,0,2395,2395
add20,2395,WorkingPrecisionResidualIR,"posit<64,3>",Plain,10,206,0,2395,2395
add20,2395,WorkingPrecisionResidualIR,"posit<64,3>",Quire,0,42,0,2395,2395
add20,2395,WorkingPrecisionResidualIR,"posit<64,3>",Quire,1,29,0,2395,2395
add20,2395,WorkingPrecisionResidualIR,"posit<64,3>",Quire,2,657,0,2395,2395
add20,2395,WorkingPrecisionResidualIR,"posit<64,3>",Quire,3,286,0,2395,2395
add20,2395,WorkingPrecisionResidualIR,"posit<64,3>",Quire,4,200,0,2395,2395
add20,2395,WorkingPrecisionResidualIR,"posit<64,3>",Quire,5,215,0,2395,2395
add20,2395,WorkingPrecisionResidualIR,"posit<64,3>",Quire,6,32,0,2395,2395
add20,2395,WorkingPrecisionResidualIR,"posit<64,3>",Quire,7,360,0,2395,2395
add20,2395,WorkingPrecisionResidualIR,"posit<64,3>",Quire,8,236,0,2395,2395
add20,2395,WorkingPrecisionResidualIR,"posit<64,3>",Quire,9,132,0,2395,2395
add20,2395,WorkingPrecisionResidualIR,"posit<64,3>",Quire,10,206,0,2395,2395
add32,4960,FactorAccumulatorIR,"posit<16,2>",Plain,0,6420,0,4960,99200
add32,4960,FactorAccumulatorIR,"posit<16,2>",Plain,1,36640,0,4960,99200
add32,4960,FactorAccumulatorIR,"posit<16,2>",Plain,2,15820,0,4960,99200
add32,4960,FactorAccumulatorIR,"posit<16,2>",Plain,3,1580,0,4960,99200
add32,4960,FactorAccumulatorIR,"posit<16,2>",Plain,4,10680,0,4960,99200
add32,4960,FactorAccumulatorIR,"posit<16,2>",Plain,5,8800,0,4960,99200
add32,4960,FactorAccumulatorIR,"posit<16,2>",Plain,6,1380,0,4960,99200
add32,4960,FactorAccumulatorIR,"posit<16,2>",Plain,7,9860,0,4960,99200
add32,4960,FactorAccumulatorIR,"posit<16,2>",Plain,8,720,0,4960,99200
add32,4960,FactorAccumulatorIR,"posit<16,2>",Plain,9,7180,0,4960,99200
add32,4960,FactorAccumulatorIR,"posit<16,2>",Plain,15,40,0,4960,99200
add32,4960,FactorAccumulatorIR,"posit<16,2>",Plain,16,60,0,4960,99200
add32,4960,FactorAccumulatorIR,"posit<16,2>",Plain,35,20,0,4960,99200
add32,4960,FactorAccumulatorIR,"posit<16,2>",Quire,0,4815,0,4960,74400
add32,4960,FactorAccumulatorIR,"posit<16,2>",Quire,1,27480,0,4960,74400
add32,4960,FactorAccumulatorIR,"posit<16,2>",Quire,2,11865,0,4960,74400
add32,4960,FactorAccumulatorIR,"posit<16,2>",Quire,3,1185,0,4960,74400
add32,4960,FactorAccumulatorIR,"posit<16,2>",Quire,4,8010,0,4960,74400
add32,4960,FactorAccumulatorIR,"posit<16,2>",Quire,5,6600,0,4960,74400
add32,4960,FactorAccumulatorIR,"posit<16,2>",Quire,6,1035,0,4960,74400
add32,4960,FactorAccumulatorIR,"posit<16,2>",Quire,7,7395,0,4960,74400
add32,4960,FactorAccumulatorIR,"posit<16,2>",Quire,8,540,0,4960,74400
add32,4960,FactorAccumulatorIR,"posit<16,2>",Quire,9,5385,0,4960,74400
add32,4960,FactorAccumulatorIR,"posit<16,2>",Quire,15,30,0,4960,74400
add32,4960,FactorAccumulatorIR,"posit<16,2>",Quire,16,45,0,4960,74400
add32,4960,FactorAccumulatorIR,"posit<16,2>",Quire,35,15,0,4960,74400
add32,4960,FactorAccumulatorIR,"posit<32,2>",Plain,0,642,0,4960,9920
add32,4960,FactorAccumulatorIR,"posit<32,2>",Plain,1,3664,0,4960,9920
add32,4960,FactorAccumulatorIR,"posit<32,2>",Plain,2,1582,0,4960,9920
add32,4960,FactorAccumulatorIR,"posit<32,2>",Plain,3,158,0,4960,9920
add32,4960,FactorAccumulatorIR,"posit<32,2>",Plain,4,1068,0,4960,9920
add32,4960,FactorAccumulatorIR,"posit<32,2>",Plain,5,880,0,4960,9920
add32,4960,FactorAccumulatorIR,"posit<32,2>",Plain,6,138,0,4960,9920
add32,4960,FactorAccumulatorIR,"posit<32,2>",Plain,7,986,0,4960,9920
add32,4960,FactorAccumulatorIR,"posit<32,2>",Plain,8,72,0,4960,9920
add32,4960,FactorAccumulatorIR,"posit<32,2>",Plain,9,718,0,4960,9920
add32,4960,FactorAccumulatorIR,"posit<32,2>",Plain,15,4,0,4960,9920
add32,4960,FactorAccumulatorIR,"posit<32,2>",Plain,16,6,0,4960,9920
add32,4960,FactorAccumulatorIR,"posit<32,2>",Plain,35,2,0,4960,9920
add32,4960,FactorAccumulatorIR,"posit<32,2>",Quire,0,642,0,4960,9920
add32,4960,FactorAccumulatorIR,"posit<32,2>",Quire,1,3664,0,4960,9920
add32,4960,FactorAccumulatorIR,"posit<32,2>",Quire,2,1582,0,4960,9920
add32,4960,FactorAccumulatorIR,"posit<32,2>",Quire,3,158,0,4960,9920
add32,4960,FactorAccumulatorIR,"posit<32,2>",Quire,4,1068,0,4960,9920
add32,4960,FactorAccumulatorIR,"posit<32,2>",Quire,5,880,0,4960,9920
add32,4960,FactorAccumulatorIR,"posit<32,2>",Quire,6,138,0,4960,9920
add32,4960,FactorAccumulatorIR,"posit<32,2>",Quire,7,986,0,4960,9920
add32,4960,FactorAccumulatorIR,"posit<32,2>",Quire,8,72,0,4960,9920
add32,4960,FactorAccumulatorIR,"posit<32,2>",Quire,9,718,0,4960,9920
add32,4960,FactorAccumulatorIR,"posit<32,2>",Quire,15,4,0,4960,9920
add32,4960,FactorAccumulatorIR,"posit<32,2>",Quire,16,6,0,4960,9920
add32,4960,FactorAccumulatorIR,"posit<32,2>",Quire,35,2,0,4960,9920
add32,4960,WorkingPrecisionResidualIR,"posit<32,2>",Plain,0,1605,0,4960,24800
add32,4960,WorkingPrecisionResidualIR,"posit<32,2>",Plain,1,9160,0,4960,24800
add32,4960,WorkingPrecisionResidualIR,"posit<32,2>",Plain,2,3955,0,4960,24800
add32,4960,WorkingPrecisionResidualIR,"posit<32,2>",Plain,3,395,0,4960,24800
add32,4960,WorkingPrecisionResidualIR,"posit<32,2>",Plain,4,2670,0,4960,24800
add32,4960,WorkingPrecisionResidualIR,"posit<32,2>",Plain,5,2200,0,4960,24800
add32,4960,WorkingPrecisionResidualIR,"posit<32,2>",Plain,6,345,0,4960,24800
add32,4960,WorkingPrecisionResidualIR,"posit<32,2>",Plain,7,2465,0,4960,24800
add32,4960,WorkingPrecisionResidualIR,"posit<32,2>",Plain,8,180,0,4960,24800
add32,4960,WorkingPrecisionResidualIR,"posit<32,2>",Plain,9,1795,0,4960,24800
add32,4960,WorkingPrecisionResidualIR,"posit<32,2>",Plain,15,10,0,4960,24800
add32,4960,WorkingPrecisionResidualIR,"posit<32,2>",Plain,16,15,0,4960,24800
add32,4960,WorkingPrecisionResidualIR,"posit<32,2>",Plain,34,5,0,4960,24800
add32,4960,WorkingPrecisionResidualIR,"posit<32,2>",Quire,0,1605,0,4960,24800
add32,4960,WorkingPrecisionResidualIR,"posit<32,2>",Quire,1,9160,0,4960,24800
add32,4960,WorkingPrecisionResidualIR,"posit<32,2>",Quire,2,3955,0,4960,24800
add32,4960,WorkingPrecisionResidualIR,"posit<32,2>",Quire,3,395,0,4960,24800
add32,4960,WorkingPrecisionResidualIR,"posit<32,2>",Quire,4,2670,0,4960,24800
add32,4960,WorkingPrecisionResidualIR,"posit<32,2>",Quire,5,2200,0,4960,24800
add32,4960,WorkingPrecisionResidualIR,"posit<32,2>",Quire,6,345,0,4960,24800
add32,4960,WorkingPrecisionResidualIR,"posit<32,2>",Quire,7,2465,0,4960,24800
add32,4960,WorkingPrecisionResidualIR,"posit<32,2>",Quire,8,180,0,4960,24800
add32,4960,WorkingPrecisionResidualIR,"posit<32,2>",Quire,9,1795,0,4960,24800
add32,4960,WorkingPrecisionResidualIR,"posit<32,2>",Quire,15,10,0,4960,24800
add32,4960,WorkingPrecisionResidualIR,"posit<32,2>",Quire,16,15,0,4960,24800
add32,4960,WorkingPrecisionResidualIR,"posit<32,2>",Quire,34,5,0,4960,24800
add32,4960,WorkingPrecisionResidualIR,"posit<64,3>",Plain,0,321,0,4960,4960
add32,4960,WorkingPrecisionResidualIR,"posit<64,3>",Plain,1,1832,0,4960,4960
add32,4960,WorkingPrecisionResidualIR,"posit<64,3>",Plain,2,791,0,4960,4960
add32,4960,WorkingPrecisionResidualIR,"posit<64,3>",Plain,3,79,0,4960,4960
add32,4960,WorkingPrecisionResidualIR,"posit<64,3>",Plain,4,534,0,4960,4960
add32,4960,WorkingPrecisionResidualIR,"posit<64,3>",Plain,5,440,0,4960,4960
add32,4960,WorkingPrecisionResidualIR,"posit<64,3>",Plain,6,69,0,4960,4960
add32,4960,WorkingPrecisionResidualIR,"posit<64,3>",Plain,7,493,0,4960,4960
add32,4960,WorkingPrecisionResidualIR,"posit<64,3>",Plain,8,36,0,4960,4960
add32,4960,WorkingPrecisionResidualIR,"posit<64,3>",Plain,9,359,0,4960,4960
add32,4960,WorkingPrecisionResidualIR,"posit<64,3>",Plain,15,2,0,4960,4960
add32,4960,WorkingPrecisionResidualIR,"posit<64,3>",Plain,16,3,0,4960,4960
add32,4960,WorkingPrecisionResidualIR,"posit<64,3>",Plain,35,1,0,4960,4960
add32,4960,WorkingPrecisionResidualIR,"posit<64,3>",Quire,0,321,0,4960,4960
add32,4960,WorkingPrecisionResidualIR,"posit<64,3>",Quire,1,1832,0,4960,4960
add32,4960,WorkingPrecisionResidualIR,"posit<64,3>",Quire,2,791,0,4960,4960
add32,4960,WorkingPrecisionResidualIR,"posit<64,3>",Quire,3,79,0,4960,4960
add32,4960,WorkingPrecisionResidualIR,"posit<64,3>",Quire,4,534,0,4960,4960
add32,4960,WorkingPrecisionResidualIR,"posit<64,3>",Quire,5,440,0,4960,4960
add32,4960,WorkingPrecisionResidualIR,"posit<64,3>",Quire,6,69,0,4960,4960
add32,4960,WorkingPrecisionResidualIR,"posit<64,3>",Quire,7,493,0,4960,4960
add32,4960,WorkingPrecisionResidualIR,"posit<64,3>",Quire,8,36,0,4960,4960
add32,4960,WorkingPrecisionResidualIR,"posit<64,3>",Quire,9,359,0,4960,4960
add32,4960,WorkingPrecisionResidualIR,"posit<64,3>",Quire,15,2,0,4960,4960
add32,4960,WorkingPrecisionResidualIR,"posit<64,3>",Quire,16,3,0,4960,4960
add32,4960,WorkingPrecisionResidualIR,"posit<64,3>",Quire,35,1,0,4960,4960
rajat13,7598,FactorAccumulatorIR,"posit<16,2>",Plain,0,18552,688,7598,60096
rajat13,7598,FactorAccumulatorIR,"posit<16,2>",Plain,1,14912,688,7598,60096
rajat13,7598,FactorAccumulatorIR,"posit<16,2>",Plain,2,15640,688,7598,60096
rajat13,7598,FactorAccumulatorIR,"posit<16,2>",Plain,3,10696,688,7598,60096
rajat13,7598,FactorAccumulatorIR,"posit<16,2>",Plain,4,264,688,7598,60096
rajat13,7598,FactorAccumulatorIR,"posit<16,2>",Plain,5,8,688,7598,60096
rajat13,7598,FactorAccumulatorIR,"posit<16,2>",Plain,6,16,688,7598,60096
rajat13,7598,FactorAccumulatorIR,"posit<16,2>",Plain,7,8,688,7598,60096
rajat13,7598,FactorAccumulatorIR,"posit<16,2>",Quire,0,11595,430,7598,37560
rajat13,7598,FactorAccumulatorIR,"posit<16,2>",Quire,1,9320,430,7598,37560
rajat13,7598,FactorAccumulatorIR,"posit<16,2>",Quire,2,9774,430,7598,37560
rajat13,7598,FactorAccumulatorIR,"posit<16,2>",Quire,3,6686,430,7598,37560
rajat13,7598,FactorAccumulatorIR,"posit<16,2>",Quire,4,165,430,7598,37560
rajat13,7598,FactorAccumulatorIR,"posit<16,2>",Quire,5,5,430,7598,37560
rajat13,7598,FactorAccumulatorIR,"posit<16,2>",Quire,6,10,430,7598,37560
rajat13,7598,FactorAccumulatorIR,"posit<16,2>",Quire,7,5,430,7598,37560
rajat13,7598,FactorAccumulatorIR,"posit<32,2>",Plain,0,6957,258,7598,22536
rajat13,7598,FactorAccumulatorIR,"posit<32,2>",Plain,1,5592,258,7598,22536
rajat13,7598,FactorAccumulatorIR,"posit<32,2>",Plain,2,5865,258,7598,22536
rajat13,7598,FactorAccumulatorIR,"posit<32,2>",Plain,3,4011,258,7598,22536
rajat13,7598,FactorAccumulatorIR,"posit<32,2>",Plain,4,99,258,7598,22536
rajat13,7598,FactorAccumulatorIR,"posit<32,2>",Plain,5,3,258,7598,22536
rajat13,7598,FactorAccumulatorIR,"posit<32,2>",Plain,6,6,258,7598,22536
rajat13,7598,FactorAccumulatorIR,"posit<32,2>",Plain,7,3,258,7598,22536
rajat13,7598,FactorAccumulatorIR,"posit<32,2>",Quire,0,4638,172,7598,15024
rajat13,7598,FactorAccumulatorIR,"posit<32,2>",Quire,1,3728,172,7598,15024
rajat13,7598,FactorAccumulatorIR,"posit<32,2>",Quire,2,3910,172,7598,15024
rajat13,7598,FactorAccumulatorIR,"posit<32,2>",Quire,3,2674,172,7598,15024
rajat13,7598,FactorAccumulatorIR,"posit<32,2>",Quire,4,66,172,7598,15024
rajat13,7598,FactorAccumulatorIR,"posit<32,2>",Quire,5,2,172,7598,15024
rajat13,7598,FactorAccumulatorIR,"posit<32,2>",Quire,6,4,172,7598,15024
rajat13,7598,FactorAccumulatorIR,"posit<32,2>",Quire,7,2,172,7598,15024
rajat13,7598,WorkingPrecisionResidualIR,"posit<32,2>",Plain,0,18552,688,7598,60096
rajat13,7598,WorkingPrecisionResidualIR,"posit<32,2>",Plain,1,14912,688,7598,60096
rajat13,7598,WorkingPrecisionResidualIR,"posit<32,2>",Plain,2,15640,688,7598,60096
rajat13,7598,WorkingPrecisionResidualIR,"posit<32,2>",Plain,3,10696,688,7598,60096
rajat13,7598,WorkingPrecisionResidualIR,"posit<32,2>",Plain,4,264,688,7598,60096
rajat13,7598,WorkingPrecisionResidualIR,"posit<32,2>",Plain,5,8,688,7598,60096
rajat13,7598,WorkingPrecisionResidualIR,"posit<32,2>",Plain,6,16,688,7598,60096
rajat13,7598,WorkingPrecisionResidualIR,"posit<32,2>",Plain,7,8,688,7598,60096
rajat13,7598,WorkingPrecisionResidualIR,"posit<32,2>",Quire,0,11595,430,7598,37560
rajat13,7598,WorkingPrecisionResidualIR,"posit<32,2>",Quire,1,9320,430,7598,37560
rajat13,7598,WorkingPrecisionResidualIR,"posit<32,2>",Quire,2,9775,430,7598,37560
rajat13,7598,WorkingPrecisionResidualIR,"posit<32,2>",Quire,3,6685,430,7598,37560
rajat13,7598,WorkingPrecisionResidualIR,"posit<32,2>",Quire,4,165,430,7598,37560
rajat13,7598,WorkingPrecisionResidualIR,"posit<32,2>",Quire,5,5,430,7598,37560
rajat13,7598,WorkingPrecisionResidualIR,"posit<32,2>",Quire,6,10,430,7598,37560
rajat13,7598,WorkingPrecisionResidualIR,"posit<32,2>",Quire,7,5,430,7598,37560
rajat13,7598,WorkingPrecisionResidualIR,"posit<64,3>",Plain,0,2319,86,7598,7512
rajat13,7598,WorkingPrecisionResidualIR,"posit<64,3>",Plain,1,1864,86,7598,7512
rajat13,7598,WorkingPrecisionResidualIR,"posit<64,3>",Plain,2,1955,86,7598,7512
rajat13,7598,WorkingPrecisionResidualIR,"posit<64,3>",Plain,3,1337,86,7598,7512
rajat13,7598,WorkingPrecisionResidualIR,"posit<64,3>",Plain,4,33,86,7598,7512
rajat13,7598,WorkingPrecisionResidualIR,"posit<64,3>",Plain,5,1,86,7598,7512
rajat13,7598,WorkingPrecisionResidualIR,"posit<64,3>",Plain,6,2,86,7598,7512
rajat13,7598,WorkingPrecisionResidualIR,"posit<64,3>",Plain,7,1,86,7598,7512
rajat13,7598,WorkingPrecisionResidualIR,"posit<64,3>",Quire,0,2319,86,7598,7512
rajat13,7598,WorkingPrecisionResidualIR,"posit<64,3>",Quire,1,1864,86,7598,7512
rajat13,7598,WorkingPrecisionResidualIR,"posit<64,3>",Quire,2,1955,86,7598,7512
rajat13,7598,WorkingPrecisionResidualIR,"posit<64,3>",Quire,3,1337,86,7598,7512
rajat13,7598,WorkingPrecisionResidualIR,"posit<64,3>",Quire,4,33,86,7598,7512
rajat13,7598,WorkingPrecisionResidualIR,"posit<64,3>",Quire,5,1,86,7598,7512
rajat13,7598,WorkingPrecisionResidualIR,"posit<64,3>",Quire,6,2,86,7598,7512
rajat13,7598,WorkingPrecisionResidualIR,"posit<64,3>",Quire,7,1,86,7598,7512
rajat03,7602,FactorAccumulatorIR,"posit<16,2>",Plain,0,428,867,7602,128367
rajat03,7602,FactorAccumulatorIR,"posit<16,2>",Plain,1,422,867,7602,128367
rajat03,7602,FactorAccumulatorIR,"posit<16,2>",Plain,2,17,867,7602,128367
rajat03,7602,FactorAccumulatorIR,"posit<16,2>",Plain,7,43304,867,7602,128367
rajat03,7602,FactorAccumulatorIR,"posit<16,2>",Plain,8,41696,867,7602,128367
rajat03,7602,FactorAccumulatorIR,"posit<16,2>",Plain,12,42500,867,7602,128367
rajat03,7602,FactorAccumulatorIR,"posit<16,2>",Quire,0,417,867,7602,128367
rajat03,7602,FactorAccumulatorIR,"posit<16,2>",Quire,1,433,867,7602,128367
rajat03,7602,FactorAccumulatorIR,"posit<16,2>",Quire,2,17,867,7602,128367
rajat03,7602,FactorAccumulatorIR,"posit<16,2>",Quire,7,43328,867,7602,128367
rajat03,7602,FactorAccumulatorIR,"posit<16,2>",Quire,8,41672,867,7602,128367
rajat03,7602,FactorAccumulatorIR,"posit<16,2>",Quire,12,42500,867,7602,128367
rajat03,7602,FactorAccumulatorIR,"posit<32,2>",Plain,0,59,153,7602,22653
rajat03,7602,FactorAccumulatorIR,"posit<32,2>",Plain,1,91,153,7602,22653
rajat03,7602,FactorAccumulatorIR,"posit<32,2>",Plain,2,3,153,7602,22653
rajat03,7602,FactorAccumulatorIR,"posit<32,2>",Plain,7,7650,153,7602,22653
rajat03,7602,FactorAccumulatorIR,"posit<32,2>",Plain,8,7350,153,7602,22653
rajat03,7602,FactorAccumulatorIR,"posit<32,2>",Plain,12,7500,153,7602,22653
rajat03,7602,FactorAccumulatorIR,"posit<32,2>",Quire,0,50,153,7602,22653
rajat03,7602,FactorAccumulatorIR,"posit<32,2>",Quire,1,100,153,7602,22653
rajat03,7602,FactorAccumulatorIR,"posit<32,2>",Quire,2,3,153,7602,22653
rajat03,7602,FactorAccumulatorIR,"posit<32,2>",Quire,7,7650,153,7602,22653
rajat03,7602,FactorAccumulatorIR,"posit<32,2>",Quire,8,7350,153,7602,22653
rajat03,7602,FactorAccumulatorIR,"posit<32,2>",Quire,12,7500,153,7602,22653
rajat03,7602,WorkingPrecisionResidualIR,"posit<32,2>",Plain,0,733,816,7602,120816
rajat03,7602,WorkingPrecisionResidualIR,"posit<32,2>",Plain,1,67,816,7602,120816
rajat03,7602,WorkingPrecisionResidualIR,"posit<32,2>",Plain,2,16,816,7602,120816
rajat03,7602,WorkingPrecisionResidualIR,"posit<32,2>",Plain,7,40800,816,7602,120816
rajat03,7602,WorkingPrecisionResidualIR,"posit<32,2>",Plain,8,39200,816,7602,120816
rajat03,7602,WorkingPrecisionResidualIR,"posit<32,2>",Plain,12,40000,816,7602,120816
rajat03,7602,WorkingPrecisionResidualIR,"posit<32,2>",Quire,0,300,306,7602,45306
rajat03,7602,WorkingPrecisionResidualIR,"posit<32,2>",Quire,2,6,306,7602,45306
rajat03,7602,WorkingPrecisionResidualIR,"posit<32,2>",Quire,7,15300,306,7602,45306
rajat03,7602,WorkingPrecisionResidualIR,"posit<32,2>",Quire,8,14700,306,7602,45306
rajat03,7602,WorkingPrecisionResidualIR,"posit<32,2>",Quire,12,15000,306,7602,45306
rajat03,7602,WorkingPrecisionResidualIR,"posit<64,3>",Plain,1,50,51,7602,7551
rajat03,7602,WorkingPrecisionResidualIR,"posit<64,3>",Plain,2,1,51,7602,7551
rajat03,7602,WorkingPrecisionResidualIR,"posit<64,3>",Plain,7,2550,51,7602,7551
rajat03,7602,WorkingPrecisionResidualIR,"posit<64,3>",Plain,8,2450,51,7602,7551
rajat03,7602,WorkingPrecisionResidualIR,"posit<64,3>",Plain,12,2500,51,7602,7551
rajat03,7602,WorkingPrecisionResidualIR,"posit<64,3>",Quire,1,50,51,7602,7551
rajat03,7602,WorkingPrecisionResidualIR,"posit<64,3>",Quire,2,1,51,7602,7551
rajat03,7602,WorkingPrecisionResidualIR,"posit<64,3>",Quire,7,2550,51,7602,7551
rajat03,7602,WorkingPrecisionResidualIR,"posit<64,3>",Quire,8,2450,51,7602,7551
rajat03,7602,WorkingPrecisionResidualIR,"posit<64,3>",Quire,12,2500,51,7602,7551
