Matrix,n,Experiment,Type,Variant,RangeDecades,Count,SingleTermRows,EmptyRows,Total,Percentage
rajat11,135,FactorAccumulatorIR,"posit<16,2>",Plain,0,154,66,135,2904,5.303030303030303
rajat11,135,FactorAccumulatorIR,"posit<16,2>",Plain,1,110,66,135,2904,3.787878787878788
rajat11,135,FactorAccumulatorIR,"posit<16,2>",Plain,2,398,66,135,2904,13.705234159779614
rajat11,135,FactorAccumulatorIR,"posit<16,2>",Plain,3,1078,66,135,2904,37.121212121212125
rajat11,135,FactorAccumulatorIR,"posit<16,2>",Plain,4,812,66,135,2904,27.961432506887054
rajat11,135,FactorAccumulatorIR,"posit<16,2>",Plain,5,284,66,135,2904,9.77961432506887
rajat11,135,FactorAccumulatorIR,"posit<16,2>",Plain,6,68,66,135,2904,2.3415977961432506
rajat11,135,FactorAccumulatorIR,"posit<16,2>",Quire,0,168,72,135,3168,5.303030303030303
rajat11,135,FactorAccumulatorIR,"posit<16,2>",Quire,1,120,72,135,3168,3.787878787878788
rajat11,135,FactorAccumulatorIR,"posit<16,2>",Quire,2,433,72,135,3168,13.667929292929292
rajat11,135,FactorAccumulatorIR,"posit<16,2>",Quire,3,1177,72,135,3168,37.15277777777778
rajat11,135,FactorAccumulatorIR,"posit<16,2>",Quire,4,886,72,135,3168,27.967171717171716
rajat11,135,FactorAccumulatorIR,"posit<16,2>",Quire,5,312,72,135,3168,9.848484848484848
rajat11,135,FactorAccumulatorIR,"posit<16,2>",Quire,6,72,72,135,3168,2.272727272727273
rajat11,135,FactorAccumulatorIR,"posit<32,2>",Plain,0,14,6,135,264,5.303030303030303
rajat11,135,FactorAccumulatorIR,"posit<32,2>",Plain,1,10,6,135,264,3.787878787878788
rajat11,135,FactorAccumulatorIR,"posit<32,2>",Plain,2,36,6,135,264,13.636363636363637
rajat11,135,FactorAccumulatorIR,"posit<32,2>",Plain,3,98,6,135,264,37.121212121212125
rajat11,135,FactorAccumulatorIR,"posit<32,2>",Plain,4,74,6,135,264,28.03030303030303
rajat11,135,FactorAccumulatorIR,"posit<32,2>",Plain,5,26,6,135,264,9.848484848484848
rajat11,135,FactorAccumulatorIR,"posit<32,2>",Plain,6,6,6,135,264,2.272727272727273
rajat11,135,FactorAccumulatorIR,"posit<32,2>",Quire,0,14,6,135,264,5.303030303030303
rajat11,135,FactorAccumulatorIR,"posit<32,2>",Quire,1,10,6,135,264,3.787878787878788
rajat11,135,FactorAccumulatorIR,"posit<32,2>",Quire,2,36,6,135,264,13.636363636363637
rajat11,135,FactorAccumulatorIR,"posit<32,2>",Quire,3,98,6,135,264,37.121212121212125
rajat11,135,FactorAccumulatorIR,"posit<32,2>",Quire,4,74,6,135,264,28.03030303030303
rajat11,135,FactorAccumulatorIR,"posit<32,2>",Quire,5,26,6,135,264,9.848484848484848
rajat11,135,FactorAccumulatorIR,"posit<32,2>",Quire,6,6,6,135,264,2.272727272727273
rajat11,135,WorkingPrecisionResidualIR,"posit<32,2>",Plain,0,35,15,135,660,5.303030303030303
rajat11,135,WorkingPrecisionResidualIR,"posit<32,2>",Plain,1,25,15,135,660,3.787878787878788
rajat11,135,WorkingPrecisionResidualIR,"posit<32,2>",Plain,2,90,15,135,660,13.636363636363637
rajat11,135,WorkingPrecisionResidualIR,"posit<32,2>",Plain,3,245,15,135,660,37.121212121212125
rajat11,135,WorkingPrecisionResidualIR,"posit<32,2>",Plain,4,185,15,135,660,28.03030303030303
rajat11,135,WorkingPrecisionResidualIR,"posit<32,2>",Plain,5,65,15,135,660,9.848484848484848
rajat11,135,WorkingPrecisionResidualIR,"posit<32,2>",Plain,6,15,15,135,660,2.272727272727273
rajat11,135,WorkingPrecisionResidualIR,"posit<32,2>",Quire,0,35,15,135,660,5.303030303030303
rajat11,135,WorkingPrecisionResidualIR,"posit<32,2>",Quire,1,25,15,135,660,3.787878787878788
rajat11,135,WorkingPrecisionResidualIR,"posit<32,2>",Quire,2,90,15,135,660,13.636363636363637
rajat11,135,WorkingPrecisionResidualIR,"posit<32,2>",Quire,3,245,15,135,660,37.121212121212125
rajat11,135,WorkingPrecisionResidualIR,"posit<32,2>",Quire,4,185,15,135,660,28.03030303030303
rajat11,135,WorkingPrecisionResidualIR,"posit<32,2>",Quire,5,65,15,135,660,9.848484848484848
rajat11,135,WorkingPrecisionResidualIR,"posit<32,2>",Quire,6,15,15,135,660,2.272727272727273
rajat11,135,WorkingPrecisionResidualIR,"posit<64,3>",Plain,0,7,3,135,132,5.303030303030303
rajat11,135,WorkingPrecisionResidualIR,"posit<64,3>",Plain,1,5,3,135,132,3.787878787878788
rajat11,135,WorkingPrecisionResidualIR,"posit<64,3>",Plain,2,18,3,135,132,13.636363636363637
rajat11,135,WorkingPrecisionResidualIR,"posit<64,3>",Plain,3,49,3,135,132,37.121212121212125
rajat11,135,WorkingPrecisionResidualIR,"posit<64,3>",Plain,4,37,3,135,132,28.03030303030303
rajat11,135,WorkingPrecisionResidualIR,"posit<64,3>",Plain,5,13,3,135,132,9.848484848484848
rajat11,135,WorkingPrecisionResidualIR,"posit<64,3>",Plain,6,3,3,135,132,2.272727272727273
rajat11,135,WorkingPrecisionResidualIR,"posit<64,3>",Quire,0,7,3,135,132,5.303030303030303
rajat11,135,WorkingPrecisionResidualIR,"posit<64,3>",Quire,1,5,3,135,132,3.787878787878788
rajat11,135,WorkingPrecisionResidualIR,"posit<64,3>",Quire,2,18,3,135,132,13.636363636363637
rajat11,135,WorkingPrecisionResidualIR,"posit<64,3>",Quire,3,49,3,135,132,37.121212121212125
rajat11,135,WorkingPrecisionResidualIR,"posit<64,3>",Quire,4,37,3,135,132,28.03030303030303
rajat11,135,WorkingPrecisionResidualIR,"posit<64,3>",Quire,5,13,3,135,132,9.848484848484848
rajat11,135,WorkingPrecisionResidualIR,"posit<64,3>",Quire,6,3,3,135,132,2.272727272727273
rajat14,180,FactorAccumulatorIR,"posit<16,2>",Plain,0,252,81,180,1539,16.374269005847953
rajat14,180,FactorAccumulatorIR,"posit<16,2>",Plain,1,783,81,180,1539,50.87719298245614
rajat14,180,FactorAccumulatorIR,"posit<16,2>",Plain,2,171,81,180,1539,11.11111111111111
rajat14,180,FactorAccumulatorIR,"posit<16,2>",Plain,3,81,81,180,1539,5.2631578947368425
rajat14,180,FactorAccumulatorIR,"posit<16,2>",Plain,4,27,81,180,1539,1.7543859649122806
rajat14,180,FactorAccumulatorIR,"posit<16,2>",Plain,5,90,81,180,1539,5.847953216374269
rajat14,180,FactorAccumulatorIR,"posit<16,2>",Plain,6,108,81,180,1539,7.017543859649122
rajat14,180,FactorAccumulatorIR,"posit<16,2>",Plain,7,9,81,180,1539,0.5847953216374269
rajat14,180,FactorAccumulatorIR,"posit<16,2>",Plain,8,18,81,180,1539,1.1695906432748537
rajat14,180,FactorAccumulatorIR,"posit<16,2>",Quire,0,280,90,180,1710,16.374269005847953
rajat14,180,FactorAccumulatorIR,"posit<16,2>",Quire,1,870,90,180,1710,50.87719298245614
rajat14,180,FactorAccumulatorIR,"posit<16,2>",Quire,2,190,90,180,1710,11.11111111111111
rajat14,180,FactorAccumulatorIR,"posit<16,2>",Quire,3,90,90,180,1710,5.2631578947368425
rajat14,180,FactorAccumulatorIR,"posit<16,2>",Quire,4,30,90,180,1710,1.7543859649122806
rajat14,180,FactorAccumulatorIR,"posit<16,2>",Quire,5,100,90,180,1710,5.847953216374269
rajat14,180,FactorAccumulatorIR,"posit<16,2>",Quire,6,120,90,180,1710,7.017543859649122
rajat14,180,FactorAccumulatorIR,"posit<16,2>",Quire,7,10,90,180,1710,0.5847953216374269
rajat14,180,FactorAccumulatorIR,"posit<16,2>",Quire,8,20,90,180,1710,1.1695906432748537
rajat14,180,FactorAccumulatorIR,"posit<32,2>",Plain,0,56,18,180,342,16.374269005847953
rajat14,180,FactorAccumulatorIR,"posit<32,2>",Plain,1,174,18,180,342,50.87719298245614
rajat14,180,FactorAccumulatorIR,"posit<32,2>",Plain,2,38,18,180,342,11.11111111111111
rajat14,180,FactorAccumulatorIR,"posit<32,2>",Plain,3,18,18,180,342,5.2631578947368425
rajat14,180,FactorAccumulatorIR,"posit<32,2>",Plain,4,6,18,180,342,1.7543859649122806
rajat14,180,FactorAccumulatorIR,"posit<32,2>",Plain,5,20,18,180,342,5.847953216374269
rajat14,180,FactorAccumulatorIR,"posit<32,2>",Plain,6,24,18,180,342,7.017543859649122
rajat14,180,FactorAccumulatorIR,"posit<32,2>",Plain,7,2,18,180,342,0.5847953216374269
rajat14,180,FactorAccumulatorIR,"posit<32,2>",Plain,8,4,18,180,342,1.1695906432748537
rajat14,180,FactorAccumulatorIR,"posit<32,2>",Quire,0,56,18,180,342,16.374269005847953
rajat14,180,FactorAccumulatorIR,"posit<32,2>",Quire,1,174,18,180,342,50.87719298245614
rajat14,180,FactorAccumulatorIR,"posit<32,2>",Quire,2,38,18,180,342,11.11111111111111
rajat14,180,FactorAccumulatorIR,"posit<32,2>",Quire,3,18,18,180,342,5.2631578947368425
rajat14,180,FactorAccumulatorIR,"posit<32,2>",Quire,4,6,18,180,342,1.7543859649122806
rajat14,180,FactorAccumulatorIR,"posit<32,2>",Quire,5,20,18,180,342,5.847953216374269
rajat14,180,FactorAccumulatorIR,"posit<32,2>",Quire,6,24,18,180,342,7.017543859649122
rajat14,180,FactorAccumulatorIR,"posit<32,2>",Quire,7,2,18,180,342,0.5847953216374269
rajat14,180,FactorAccumulatorIR,"posit<32,2>",Quire,8,4,18,180,342,1.1695906432748537
rajat14,180,WorkingPrecisionResidualIR,"posit<32,2>",Plain,0,252,81,180,1539,16.374269005847953
rajat14,180,WorkingPrecisionResidualIR,"posit<32,2>",Plain,1,783,81,180,1539,50.87719298245614
rajat14,180,WorkingPrecisionResidualIR,"posit<32,2>",Plain,2,171,81,180,1539,11.11111111111111
rajat14,180,WorkingPrecisionResidualIR,"posit<32,2>",Plain,3,81,81,180,1539,5.2631578947368425
rajat14,180,WorkingPrecisionResidualIR,"posit<32,2>",Plain,4,27,81,180,1539,1.7543859649122806
rajat14,180,WorkingPrecisionResidualIR,"posit<32,2>",Plain,5,90,81,180,1539,5.847953216374269
rajat14,180,WorkingPrecisionResidualIR,"posit<32,2>",Plain,6,108,81,180,1539,7.017543859649122
rajat14,180,WorkingPrecisionResidualIR,"posit<32,2>",Plain,7,9,81,180,1539,0.5847953216374269
rajat14,180,WorkingPrecisionResidualIR,"posit<32,2>",Plain,8,18,81,180,1539,1.1695906432748537
rajat14,180,WorkingPrecisionResidualIR,"posit<32,2>",Quire,0,140,45,180,855,16.374269005847953
rajat14,180,WorkingPrecisionResidualIR,"posit<32,2>",Quire,1,435,45,180,855,50.87719298245614
rajat14,180,WorkingPrecisionResidualIR,"posit<32,2>",Quire,2,95,45,180,855,11.11111111111111
rajat14,180,WorkingPrecisionResidualIR,"posit<32,2>",Quire,3,45,45,180,855,5.2631578947368425
rajat14,180,WorkingPrecisionResidualIR,"posit<32,2>",Quire,4,15,45,180,855,1.7543859649122806
rajat14,180,WorkingPrecisionResidualIR,"posit<32,2>",Quire,5,50,45,180,855,5.847953216374269
rajat14,180,WorkingPrecisionResidualIR,"posit<32,2>",Quire,6,60,45,180,855,7.017543859649122
rajat14,180,WorkingPrecisionResidualIR,"posit<32,2>",Quire,7,5,45,180,855,0.5847953216374269
rajat14,180,WorkingPrecisionResidualIR,"posit<32,2>",Quire,8,10,45,180,855,1.1695906432748537
rajat14,180,WorkingPrecisionResidualIR,"posit<64,3>",Plain,0,28,9,180,171,16.374269005847953
rajat14,180,WorkingPrecisionResidualIR,"posit<64,3>",Plain,1,87,9,180,171,50.87719298245614
rajat14,180,WorkingPrecisionResidualIR,"posit<64,3>",Plain,2,19,9,180,171,11.11111111111111
rajat14,180,WorkingPrecisionResidualIR,"posit<64,3>",Plain,3,9,9,180,171,5.2631578947368425
rajat14,180,WorkingPrecisionResidualIR,"posit<64,3>",Plain,4,3,9,180,171,1.7543859649122806
rajat14,180,WorkingPrecisionResidualIR,"posit<64,3>",Plain,5,10,9,180,171,5.847953216374269
rajat14,180,WorkingPrecisionResidualIR,"posit<64,3>",Plain,6,12,9,180,171,7.017543859649122
rajat14,180,WorkingPrecisionResidualIR,"posit<64,3>",Plain,7,1,9,180,171,0.5847953216374269
rajat14,180,WorkingPrecisionResidualIR,"posit<64,3>",Plain,8,2,9,180,171,1.1695906432748537
rajat14,180,WorkingPrecisionResidualIR,"posit<64,3>",Quire,0,28,9,180,171,16.374269005847953
rajat14,180,WorkingPrecisionResidualIR,"posit<64,3>",Quire,1,87,9,180,171,50.87719298245614
rajat14,180,WorkingPrecisionResidualIR,"posit<64,3>",Quire,2,19,9,180,171,11.11111111111111
rajat14,180,WorkingPrecisionResidualIR,"posit<64,3>",Quire,3,9,9,180,171,5.2631578947368425
rajat14,180,WorkingPrecisionResidualIR,"posit<64,3>",Quire,4,3,9,180,171,1.7543859649122806
rajat14,180,WorkingPrecisionResidualIR,"posit<64,3>",Quire,5,10,9,180,171,5.847953216374269
rajat14,180,WorkingPrecisionResidualIR,"posit<64,3>",Quire,6,12,9,180,171,7.017543859649122
rajat14,180,WorkingPrecisionResidualIR,"posit<64,3>",Quire,7,1,9,180,171,0.5847953216374269
rajat14,180,WorkingPrecisionResidualIR,"posit<64,3>",Quire,8,2,9,180,171,1.1695906432748537
rajat05,301,FactorAccumulatorIR,"posit<16,2>",Plain,0,1400,75,301,7450,18.79194630872483
rajat05,301,FactorAccumulatorIR,"posit<16,2>",Plain,1,256,75,301,7450,3.436241610738255
rajat05,301,FactorAccumulatorIR,"posit<16,2>",Plain,2,1165,75,301,7450,15.63758389261745
rajat05,301,FactorAccumulatorIR,"posit<16,2>",Plain,3,2047,75,301,7450,27.476510067114095
rajat05,301,FactorAccumulatorIR,"posit<16,2>",Plain,4,816,75,301,7450,10.953020134228188
rajat05,301,FactorAccumulatorIR,"posit<16,2>",Plain,5,1550,75,301,7450,20.80536912751678
rajat05,301,FactorAccumulatorIR,"posit<16,2>",Plain,6,216,75,301,7450,2.8993288590604025
rajat05,301,FactorAccumulatorIR,"posit<16,2>",Quire,0,1624,87,301,8642,18.79194630872483
rajat05,301,FactorAccumulatorIR,"posit<16,2>",Quire,1,290,87,301,8642,3.3557046979865772
rajat05,301,FactorAccumulatorIR,"posit<16,2>",Quire,2,1354,87,301,8642,15.667669520944226
rajat05,301,FactorAccumulatorIR,"posit<16,2>",Quire,3,2339,87,301,8642,27.06549409858829
rajat05,301,FactorAccumulatorIR,"posit<16,2>",Quire,4,965,87,301,8642,11.166396667438093
rajat05,301,FactorAccumulatorIR,"posit<16,2>",Quire,5,1811,87,301,8642,20.95579726915066
rajat05,301,FactorAccumulatorIR,"posit<16,2>",Quire,6,259,87,301,8642,2.9969914371673223
rajat05,301,FactorAccumulatorIR,"posit<32,2>",Plain,0,168,9,301,894,18.79194630872483
rajat05,301,FactorAccumulatorIR,"posit<32,2>",Plain,1,30,9,301,894,3.3557046979865772
rajat05,301,FactorAccumulatorIR,"posit<32,2>",Plain,2,141,9,301,894,15.771812080536913
rajat05,301,FactorAccumulatorIR,"posit<32,2>",Plain,3,245,9,301,894,27.404921700223714
rajat05,301,FactorAccumulatorIR,"posit<32,2>",Plain,4,98,9,301,894,10.961968680089486
rajat05,301,FactorAccumulatorIR,"posit<32,2>",Plain,5,185,9,301,894,20.69351230425056
rajat05,301,FactorAccumulatorIR,"posit<32,2>",Plain,6,27,9,301,894,3.0201342281879193
rajat05,301,FactorAccumulatorIR,"posit<32,2>",Quire,0,168,9,301,894,18.79194630872483
rajat05,301,FactorAccumulatorIR,"posit<32,2>",Quire,1,30,9,301,894,3.3557046979865772
rajat05,301,FactorAccumulatorIR,"posit<32,2>",Quire,2,141,9,301,894,15.771812080536913
rajat05,301,FactorAccumulatorIR,"posit<32,2>",Quire,3,248,9,301,894,27.74049217002237
rajat05,301,FactorAccumulatorIR,"posit<32,2>",Quire,4,91,9,301,894,10.17897091722595
rajat05,301,FactorAccumulatorIR,"posit<32,2>",Quire,5,186,9,301,894,20.80536912751678
rajat05,301,FactorAccumulatorIR,"posit<32,2>",Quire,6,30,9,301,894,3.3557046979865772
rajat05,301,WorkingPrecisionResidualIR,"posit<32,2>",Plain,0,448,24,301,2384,18.79194630872483
rajat05,301,WorkingPrecisionResidualIR,"posit<32,2>",Plain,1,80,24,301,2384,3.3557046979865772
rajat05,301,WorkingPrecisionResidualIR,"posit<32,2>",Plain,2,376,24,301,2384,15.771812080536913
rajat05,301,WorkingPrecisionResidualIR,"posit<32,2>",Plain,3,653,24,301,2384,27.390939597315437
rajat05,301,WorkingPrecisionResidualIR,"posit<32,2>",Plain,4,259,24,301,2384,10.864093959731544
rajat05,301,WorkingPrecisionResidualIR,"posit<32,2>",Plain,5,493,24,301,2384,20.67953020134228
rajat05,301,WorkingPrecisionResidualIR,"posit<32,2>",Plain,6,75,24,301,2384,3.1459731543624163
rajat05,301,WorkingPrecisionResidualIR,"posit<32,2>",Quire,0,280,15,301,1490,18.79194630872483
rajat05,301,WorkingPrecisionResidualIR,"posit<32,2>",Quire,1,50,15,301,1490,3.3557046979865772
rajat05,301,WorkingPrecisionResidualIR,"posit<32,2>",Quire,2,235,15,301,1490,15.771812080536913
rajat05,301,WorkingPrecisionResidualIR,"posit<32,2>",Quire,3,409,15,301,1490,27.449664429530202
rajat05,301,WorkingPrecisionResidualIR,"posit<32,2>",Quire,4,162,15,301,1490,10.87248322147651
rajat05,301,WorkingPrecisionResidualIR,"posit<32,2>",Quire,5,309,15,301,1490,20.738255033557046
rajat05,301,WorkingPrecisionResidualIR,"posit<32,2>",Quire,6,45,15,301,1490,3.0201342281879193
rajat05,301,WorkingPrecisionResidualIR,"posit<64,3>",Plain,0,56,3,301,298,18.79194630872483
rajat05,301,WorkingPrecisionResidualIR,"posit<64,3>",Plain,1,10,3,301,298,3.3557046979865772
rajat05,301,WorkingPrecisionResidualIR,"posit<64,3>",Plain,2,47,3,301,298,15.771812080536913
rajat05,301,WorkingPrecisionResidualIR,"posit<64,3>",Plain,3,83,3,301,298,27.85234899328859
rajat05,301,WorkingPrecisionResidualIR,"posit<64,3>",Plain,4,28,3,301,298,9.395973154362416
rajat05,301,WorkingPrecisionResidualIR,"posit<64,3>",Plain,5,64,3,301,298,21.476510067114095
rajat05,301,WorkingPrecisionResidualIR,"posit<64,3>",Plain,6,10,3,301,298,3.3557046979865772
rajat05,301,WorkingPrecisionResidualIR,"posit<64,3>",Quire,0,56,3,301,298,18.79194630872483
rajat05,301,WorkingPrecisionResidualIR,"posit<64,3>",Quire,1,10,3,301,298,3.3557046979865772
rajat05,301,WorkingPrecisionResidualIR,"posit<64,3>",Quire,2,47,3,301,298,15.771812080536913
rajat05,301,WorkingPrecisionResidualIR,"posit<64,3>",Quire,3,83,3,301,298,27.85234899328859
rajat05,301,WorkingPrecisionResidualIR,"posit<64,3>",Quire,4,28,3,301,298,9.395973154362416
rajat05,301,WorkingPrecisionResidualIR,"posit<64,3>",Quire,5,64,3,301,298,21.476510067114095
rajat05,301,WorkingPrecisionResidualIR,"posit<64,3>",Quire,6,10,3,301,298,3.3557046979865772
rajat19,1157,FactorAccumulatorIR,"posit<16,2>",Plain,0,7636,2376,1157,13822,55.24526117783244
rajat19,1157,FactorAccumulatorIR,"posit<16,2>",Plain,1,536,2376,1157,13822,3.877875850094053
rajat19,1157,FactorAccumulatorIR,"posit<16,2>",Plain,2,2843,2376,1157,13822,20.568658660107076
rajat19,1157,FactorAccumulatorIR,"posit<16,2>",Plain,3,275,2376,1157,13822,1.9895818260743743
rajat19,1157,FactorAccumulatorIR,"posit<16,2>",Plain,4,58,2376,1157,13822,0.41962089422659526
rajat19,1157,FactorAccumulatorIR,"posit<16,2>",Plain,5,706,2376,1157,13822,5.107799160758211
rajat19,1157,FactorAccumulatorIR,"posit<16,2>",Plain,6,1516,2376,1157,13822,10.968021993922731
rajat19,1157,FactorAccumulatorIR,"posit<16,2>",Plain,8,8,2376,1157,13822,0.05787874403125452
rajat19,1157,FactorAccumulatorIR,"posit<16,2>",Plain,9,20,2376,1157,13822,0.1446968600781363
rajat19,1157,FactorAccumulatorIR,"posit<16,2>",Plain,20,112,2376,1157,13822,0.8103024164375633
rajat19,1157,FactorAccumulatorIR,"posit<16,2>",Plain,21,112,2376,1157,13822,0.8103024164375633
rajat19,1157,FactorAccumulatorIR,"posit<16,2>",Quire,0,6007,1848,1157,10879,55.21647210221528
rajat19,1157,FactorAccumulatorIR,"posit<16,2>",Quire,1,539,1848,1157,10879,4.954499494438827
rajat19,1157,FactorAccumulatorIR,"posit<16,2>",Quire,2,2113,1848,1157,10879,19.42274106075926
rajat19,1157,FactorAccumulatorIR,"posit<16,2>",Quire,3,186,1848,1157,10879,1.7097159665410424
rajat19,1157,FactorAccumulatorIR,"posit<16,2>",Quire,4,43,1848,1157,10879,0.3952569169960474
rajat19,1157,FactorAccumulatorIR,"posit<16,2>",Quire,5,436,1848,1157,10879,4.007721297913411
rajat19,1157,FactorAccumulatorIR,"posit<16,2>",Quire,6,1357,1848,1157,10879,12.473572938689218
rajat19,1157,FactorAccumulatorIR,"posit<16,2>",Quire,8,4,1848,1157,10879,0.0367680853019579
rajat19,1157,FactorAccumulatorIR,"posit<16,2>",Quire,9,18,1848,1157,10879,0.16545638385881056
rajat19,1157,FactorAccumulatorIR,"posit<16,2>",Quire,20,88,1848,1157,10879,0.8088978766430738
rajat19,1157,FactorAccumulatorIR,"posit<16,2>",Quire,21,88,1848,1157,10879,0.8088978766430738
rajat19,1157,FactorAccumulatorIR,"posit<32,2>",Plain,0,2785,840,1157,4945,56.31951466127401
rajat19,1157,FactorAccumulatorIR,"posit<32,2>",Plain,1,185,840,1157,4945,3.7411526794742165
rajat19,1157,FactorAccumulatorIR,"posit<32,2>",Plain,2,990,840,1157,4945,20.020222446916076
rajat19,1157,FactorAccumulatorIR,"posit<32,2>",Plain,3,55,840,1157,4945,1.1122345803842264
rajat19,1157,FactorAccumulatorIR,"posit<32,2>",Plain,4,20,840,1157,4945,0.4044489383215369
rajat19,1157,FactorAccumulatorIR,"posit<32,2>",Plain,5,225,840,1157,4945,4.550050556117291
rajat19,1157,FactorAccumulatorIR,"posit<32,2>",Plain,6,595,840,1157,4945,12.032355915065724
rajat19,1157,FactorAccumulatorIR,"posit<32,2>",Plain,8,3,840,1157,4945,0.06066734074823053
rajat19,1157,FactorAccumulatorIR,"posit<32,2>",Plain,9,7,840,1157,4945,0.14155712841253792
rajat19,1157,FactorAccumulatorIR,"posit<32,2>",Plain,20,40,840,1157,4945,0.8088978766430738
rajat19,1157,FactorAccumulatorIR,"posit<32,2>",Plain,21,40,840,1157,4945,0.8088978766430738
rajat19,1157,FactorAccumulatorIR,"posit<32,2>",Quire,0,2228,672,1157,3956,56.31951466127401
rajat19,1157,FactorAccumulatorIR,"posit<32,2>",Quire,1,148,672,1157,3956,3.7411526794742165
rajat19,1157,FactorAccumulatorIR,"posit<32,2>",Quire,2,793,672,1157,3956,20.045500505561172
rajat19,1157,FactorAccumulatorIR,"posit<32,2>",Quire,3,43,672,1157,3956,1.0869565217391304
rajat19,1157,FactorAccumulatorIR,"posit<32,2>",Quire,4,16,672,1157,3956,0.4044489383215369
rajat19,1157,FactorAccumulatorIR,"posit<32,2>",Quire,5,212,672,1157,3956,5.358948432760364
rajat19,1157,FactorAccumulatorIR,"posit<32,2>",Quire,6,444,672,1157,3956,11.223458038422649
rajat19,1157,FactorAccumulatorIR,"posit<32,2>",Quire,8,2,672,1157,3956,0.05055611729019211
rajat19,1157,FactorAccumulatorIR,"posit<32,2>",Quire,9,6,672,1157,3956,0.15166835187057634
rajat19,1157,FactorAccumulatorIR,"posit<32,2>",Quire,20,32,672,1157,3956,0.8088978766430738
rajat19,1157,FactorAccumulatorIR,"posit<32,2>",Quire,21,32,672,1157,3956,0.8088978766430738
rajat19,1157,WorkingPrecisionResidualIR,"posit<32,2>",Plain,0,3342,1008,1157,5934,56.31951466127401
rajat19,1157,WorkingPrecisionResidualIR,"posit<32,2>",Plain,1,222,1008,1157,5934,3.7411526794742165
rajat19,1157,WorkingPrecisionResidualIR,"posit<32,2>",Plain,2,1164,1008,1157,5934,19.61577350859454
rajat19,1157,WorkingPrecisionResidualIR,"posit<32,2>",Plain,3,90,1008,1157,5934,1.5166835187057635
rajat19,1157,WorkingPrecisionResidualIR,"posit<32,2>",Plain,4,24,1008,1157,5934,0.4044489383215369
rajat19,1157,WorkingPrecisionResidualIR,"posit<32,2>",Plain,5,354,1008,1157,5934,5.96562184024267
rajat19,1157,WorkingPrecisionResidualIR,"posit<32,2>",Plain,6,630,1008,1157,5934,10.616784630940344
rajat19,1157,WorkingPrecisionResidualIR,"posit<32,2>",Plain,8,6,1008,1157,5934,0.10111223458038422
rajat19,1157,WorkingPrecisionResidualIR,"posit<32,2>",Plain,9,6,1008,1157,5934,0.10111223458038422
rajat19,1157,WorkingPrecisionResidualIR,"posit<32,2>",Plain,20,48,1008,1157,5934,0.8088978766430738
rajat19,1157,WorkingPrecisionResidualIR,"posit<32,2>",Plain,21,48,1008,1157,5934,0.8088978766430738
rajat19,1157,WorkingPrecisionResidualIR,"posit<32,2>",Quire,0,2785,840,1157,4945,56.31951466127401
rajat19,1157,WorkingPrecisionResidualIR,"posit<32,2>",Quire,1,185,840,1157,4945,3.7411526794742165
rajat19,1157,WorkingPrecisionResidualIR,"posit<32,2>",Quire,2,973,840,1157,4945,19.67644084934277
rajat19,1157,WorkingPrecisionResidualIR,"posit<32,2>",Quire,3,72,840,1157,4945,1.456016177957533
rajat19,1157,WorkingPrecisionResidualIR,"posit<32,2>",Quire,4,20,840,1157,4945,0.4044489383215369
rajat19,1157,WorkingPrecisionResidualIR,"posit<32,2>",Quire,5,113,840,1157,4945,2.2851365015166833
rajat19,1157,WorkingPrecisionResidualIR,"posit<32,2>",Quire,6,707,840,1157,4945,14.29726996966633
rajat19,1157,WorkingPrecisionResidualIR,"posit<32,2>",Quire,8,6,840,1157,4945,0.12133468149646107
rajat19,1157,WorkingPrecisionResidualIR,"posit<32,2>",Quire,9,4,840,1157,4945,0.08088978766430738
rajat19,1157,WorkingPrecisionResidualIR,"posit<32,2>",Quire,20,40,840,1157,4945,0.8088978766430738
rajat19,1157,WorkingPrecisionResidualIR,"posit<32,2>",Quire,21,40,840,1157,4945,0.8088978766430738
rajat19,1157,WorkingPrecisionResidualIR,"posit<64,3>",Plain,0,557,168,1157,989,56.31951466127401
rajat19,1157,WorkingPrecisionResidualIR,"posit<64,3>",Plain,1,37,168,1157,989,3.7411526794742165
rajat19,1157,WorkingPrecisionResidualIR,"posit<64,3>",Plain,2,199,168,1157,989,20.12133468149646
rajat19,1157,WorkingPrecisionResidualIR,"posit<64,3>",Plain,3,10,168,1157,989,1.0111223458038423
rajat19,1157,WorkingPrecisionResidualIR,"posit<64,3>",Plain,4,4,168,1157,989,0.4044489383215369
rajat19,1157,WorkingPrecisionResidualIR,"posit<64,3>",Plain,5,83,168,1157,989,8.39231547017189
rajat19,1157,WorkingPrecisionResidualIR,"posit<64,3>",Plain,6,81,168,1157,989,8.190091001011123
rajat19,1157,WorkingPrecisionResidualIR,"posit<64,3>",Plain,8,2,168,1157,989,0.20222446916076844
rajat19,1157,WorkingPrecisionResidualIR,"posit<64,3>",Plain,20,8,168,1157,989,0.8088978766430738
rajat19,1157,WorkingPrecisionResidualIR,"posit<64,3>",Plain,21,8,168,1157,989,0.8088978766430738
rajat19,1157,WorkingPrecisionResidualIR,"posit<64,3>",Quire,0,557,168,1157,989,56.31951466127401
rajat19,1157,WorkingPrecisionResidualIR,"posit<64,3>",Quire,1,37,168,1157,989,3.7411526794742165
rajat19,1157,WorkingPrecisionResidualIR,"posit<64,3>",Quire,2,199,168,1157,989,20.12133468149646
rajat19,1157,WorkingPrecisionResidualIR,"posit<64,3>",Quire,3,10,168,1157,989,1.0111223458038423
rajat19,1157,WorkingPrecisionResidualIR,"posit<64,3>",Quire,4,4,168,1157,989,0.4044489383215369
rajat19,1157,WorkingPrecisionResidualIR,"posit<64,3>",Quire,5,83,168,1157,989,8.39231547017189
rajat19,1157,WorkingPrecisionResidualIR,"posit<64,3>",Quire,6,81,168,1157,989,8.190091001011123
rajat19,1157,WorkingPrecisionResidualIR,"posit<64,3>",Quire,8,2,168,1157,989,0.20222446916076844
rajat19,1157,WorkingPrecisionResidualIR,"posit<64,3>",Quire,20,8,168,1157,989,0.8088978766430738
rajat19,1157,WorkingPrecisionResidualIR,"posit<64,3>",Quire,21,8,168,1157,989,0.8088978766430738
rajat04,1041,FactorAccumulatorIR,"posit<16,2>",Plain,0,819,288,1041,9081,9.018830525272547
rajat04,1041,FactorAccumulatorIR,"posit<16,2>",Plain,1,4158,288,1041,9081,45.78790882061447
rajat04,1041,FactorAccumulatorIR,"posit<16,2>",Plain,2,1476,288,1041,9081,16.253716551040636
rajat04,1041,FactorAccumulatorIR,"posit<16,2>",Plain,3,279,288,1041,9081,3.072348860257681
rajat04,1041,FactorAccumulatorIR,"posit<16,2>",Plain,4,756,288,1041,9081,8.325074331020813
rajat04,1041,FactorAccumulatorIR,"posit<16,2>",Plain,5,567,288,1041,9081,6.2438057482656095
rajat04,1041,FactorAccumulatorIR,"posit<16,2>",Plain,6,837,288,1041,9081,9.217046580773042
rajat04,1041,FactorAccumulatorIR,"posit<16,2>",Plain,7,144,288,1041,9081,1.5857284440039643
rajat04,1041,FactorAccumulatorIR,"posit<16,2>",Plain,8,45,288,1041,9081,0.49554013875123887
rajat04,1041,FactorAccumulatorIR,"posit<16,2>",Quire,0,728,256,1041,8072,9.018830525272547
rajat04,1041,FactorAccumulatorIR,"posit<16,2>",Quire,1,3696,256,1041,8072,45.78790882061447
rajat04,1041,FactorAccumulatorIR,"posit<16,2>",Quire,2,1312,256,1041,8072,16.253716551040636
rajat04,1041,FactorAccumulatorIR,"posit<16,2>",Quire,3,248,256,1041,8072,3.072348860257681
rajat04,1041,FactorAccumulatorIR,"posit<16,2>",Quire,4,672,256,1041,8072,8.325074331020813
rajat04,1041,FactorAccumulatorIR,"posit<16,2>",Quire,5,504,256,1041,8072,6.2438057482656095
rajat04,1041,FactorAccumulatorIR,"posit<16,2>",Quire,6,744,256,1041,8072,9.217046580773042
rajat04,1041,FactorAccumulatorIR,"posit<16,2>",Quire,7,128,256,1041,8072,1.5857284440039643
rajat04,1041,FactorAccumulatorIR,"posit<16,2>",Quire,8,40,256,1041,8072,0.49554013875123887
rajat04,1041,FactorAccumulatorIR,"posit<32,2>",Plain,0,273,96,1041,3027,9.018830525272547
rajat04,1041,FactorAccumulatorIR,"posit<32,2>",Plain,1,1386,96,1041,3027,45.78790882061447
rajat04,1041,FactorAccumulatorIR,"posit<32,2>",Plain,2,492,96,1041,3027,16.253716551040636
rajat04,1041,FactorAccumulatorIR,"posit<32,2>",Plain,3,93,96,1041,3027,3.072348860257681
rajat04,1041,FactorAccumulatorIR,"posit<32,2>",Plain,4,252,96,1041,3027,8.325074331020813
rajat04,1041,FactorAccumulatorIR,"posit<32,2>",Plain,5,189,96,1041,3027,6.2438057482656095
rajat04,1041,FactorAccumulatorIR,"posit<32,2>",Plain,6,279,96,1041,3027,9.217046580773042
rajat04,1041,FactorAccumulatorIR,"posit<32,2>",Plain,7,48,96,1041,3027,1.5857284440039643
rajat04,1041,FactorAccumulatorIR,"posit<32,2>",Plain,8,15,96,1041,3027,0.49554013875123887
rajat04,1041,FactorAccumulatorIR,"posit<32,2>",Quire,0,182,64,1041,2018,9.018830525272547
rajat04,1041,FactorAccumulatorIR,"posit<32,2>",Quire,1,924,64,1041,2018,45.78790882061447
rajat04,1041,FactorAccumulatorIR,"posit<32,2>",Quire,2,328,64,1041,2018,16.253716551040636
rajat04,1041,FactorAccumulatorIR,"posit<32,2>",Quire,3,62,64,1041,2018,3.072348860257681
rajat04,1041,FactorAccumulatorIR,"posit<32,2>",Quire,4,168,64,1041,2018,8.325074331020813
rajat04,1041,FactorAccumulatorIR,"posit<32,2>",Quire,5,126,64,1041,2018,6.2438057482656095
rajat04,1041,FactorAccumulatorIR,"posit<32,2>",Quire,6,186,64,1041,2018,9.217046580773042
rajat04,1041,FactorAccumulatorIR,"posit<32,2>",Quire,7,32,64,1041,2018,1.5857284440039643
rajat04,1041,FactorAccumulatorIR,"posit<32,2>",Quire,8,10,64,1041,2018,0.49554013875123887
rajat04,1041,WorkingPrecisionResidualIR,"posit<32,2>",Plain,0,728,256,1041,8072,9.018830525272547
rajat04,1041,WorkingPrecisionResidualIR,"posit<32,2>",Plain,1,3696,256,1041,8072,45.78790882061447
rajat04,1041,WorkingPrecisionResidualIR,"posit<32,2>",Plain,2,1312,256,1041,8072,16.253716551040636
rajat04,1041,WorkingPrecisionResidualIR,"posit<32,2>",Plain,3,248,256,1041,8072,3.072348860257681
rajat04,1041,WorkingPrecisionResidualIR,"posit<32,2>",Plain,4,672,256,1041,8072,8.325074331020813
rajat04,1041,WorkingPrecisionResidualIR,"posit<32,2>",Plain,5,504,256,1041,8072,6.2438057482656095
rajat04,1041,WorkingPrecisionResidualIR,"posit<32,2>",Plain,6,744,256,1041,8072,9.217046580773042
rajat04,1041,WorkingPrecisionResidualIR,"posit<32,2>",Plain,7,128,256,1041,8072,1.5857284440039643
rajat04,1041,WorkingPrecisionResidualIR,"posit<32,2>",Plain,8,40,256,1041,8072,0.49554013875123887
rajat04,1041,WorkingPrecisionResidualIR,"posit<32,2>",Quire,0,455,160,1041,5045,9.018830525272547
rajat04,1041,WorkingPrecisionResidualIR,"posit<32,2>",Quire,1,2310,160,1041,5045,45.78790882061447
rajat04,1041,WorkingPrecisionResidualIR,"posit<32,2>",Quire,2,820,160,1041,5045,16.253716551040636
rajat04,1041,WorkingPrecisionResidualIR,"posit<32,2>",Quire,3,155,160,1041,5045,3.072348860257681
rajat04,1041,WorkingPrecisionResidualIR,"posit<32,2>",Quire,4,420,160,1041,5045,8.325074331020813
rajat04,1041,WorkingPrecisionResidualIR,"posit<32,2>",Quire,5,315,160,1041,5045,6.2438057482656095
rajat04,1041,WorkingPrecisionResidualIR,"posit<32,2>",Quire,6,465,160,1041,5045,9.217046580773042
rajat04,1041,WorkingPrecisionResidualIR,"posit<32,2>",Quire,7,80,160,1041,5045,1.5857284440039643
rajat04,1041,WorkingPrecisionResidualIR,"posit<32,2>",Quire,8,25,160,1041,5045,0.49554013875123887
rajat04,1041,WorkingPrecisionResidualIR,"posit<64,3>",Plain,0,91,32,1041,1009,9.018830525272547
rajat04,1041,WorkingPrecisionResidualIR,"posit<64,3>",Plain,1,462,32,1041,1009,45.78790882061447
rajat04,1041,WorkingPrecisionResidualIR,"posit<64,3>",Plain,2,164,32,1041,1009,16.253716551040636
rajat04,1041,WorkingPrecisionResidualIR,"posit<64,3>",Plain,3,31,32,1041,1009,3.072348860257681
rajat04,1041,WorkingPrecisionResidualIR,"posit<64,3>",Plain,4,84,32,1041,1009,8.325074331020813
rajat04,1041,WorkingPrecisionResidualIR,"posit<64,3>",Plain,5,63,32,1041,1009,6.2438057482656095
rajat04,1041,WorkingPrecisionResidualIR,"posit<64,3>",Plain,6,93,32,1041,1009,9.217046580773042
rajat04,1041,WorkingPrecisionResidualIR,"posit<64,3>",Plain,7,16,32,1041,1009,1.5857284440039643
rajat04,1041,WorkingPrecisionResidualIR,"posit<64,3>",Plain,8,5,32,1041,1009,0.49554013875123887
rajat04,1041,WorkingPrecisionResidualIR,"posit<64,3>",Quire,0,91,32,1041,1009,9.018830525272547
rajat04,1041,WorkingPrecisionResidualIR,"posit<64,3>",Quire,1,462,32,1041,1009,45.78790882061447
rajat04,1041,WorkingPrecisionResidualIR,"posit<64,3>",Quire,2,164,32,1041,1009,16.253716551040636
rajat04,1041,WorkingPrecisionResidualIR,"posit<64,3>",Quire,3,31,32,1041,1009,3.072348860257681
rajat04,1041,WorkingPrecisionResidualIR,"posit<64,3>",Quire,4,84,32,1041,1009,8.325074331020813
rajat04,1041,WorkingPrecisionResidualIR,"posit<64,3>",Quire,5,63,32,1041,1009,6.2438057482656095
rajat04,1041,WorkingPrecisionResidualIR,"posit<64,3>",Quire,6,93,32,1041,1009,9.217046580773042
rajat04,1041,WorkingPrecisionResidualIR,"posit<64,3>",Quire,7,16,32,1041,1009,1.5857284440039643
rajat04,1041,WorkingPrecisionResidualIR,"posit<64,3>",Quire,8,5,32,1041,1009,0.49554013875123887
rajat12,1879,FactorAccumulatorIR,"posit<16,2>",Plain,0,338,117,1879,24310,1.3903743315508021
rajat12,1879,FactorAccumulatorIR,"posit<16,2>",Plain,1,11649,117,1879,24310,47.918552036199095
rajat12,1879,FactorAccumulatorIR,"posit<16,2>",Plain,2,4939,117,1879,24310,20.316742081447963
rajat12,1879,FactorAccumulatorIR,"posit<16,2>",Plain,3,1326,117,1879,24310,5.454545454545454
rajat12,1879,FactorAccumulatorIR,"posit<16,2>",Plain,4,4121,117,1879,24310,16.951871657754012
rajat12,1879,FactorAccumulatorIR,"posit<16,2>",Plain,5,1872,117,1879,24310,7.7005347593582885
rajat12,1879,FactorAccumulatorIR,"posit<16,2>",Plain,6,39,117,1879,24310,0.16042780748663102
rajat12,1879,FactorAccumulatorIR,"posit<16,2>",Plain,7,26,117,1879,24310,0.10695187165775401
rajat12,1879,FactorAccumulatorIR,"posit<16,2>",Quire,0,208,72,1879,14960,1.3903743315508021
rajat12,1879,FactorAccumulatorIR,"posit<16,2>",Quire,1,7168,72,1879,14960,47.9144385026738
rajat12,1879,FactorAccumulatorIR,"posit<16,2>",Quire,2,3040,72,1879,14960,20.32085561497326
rajat12,1879,FactorAccumulatorIR,"posit<16,2>",Quire,3,816,72,1879,14960,5.454545454545454
rajat12,1879,FactorAccumulatorIR,"posit<16,2>",Quire,4,2536,72,1879,14960,16.951871657754012
rajat12,1879,FactorAccumulatorIR,"posit<16,2>",Quire,5,1152,72,1879,14960,7.7005347593582885
rajat12,1879,FactorAccumulatorIR,"posit<16,2>",Quire,6,24,72,1879,14960,0.16042780748663102
rajat12,1879,FactorAccumulatorIR,"posit<16,2>",Quire,7,16,72,1879,14960,0.10695187165775401
rajat12,1879,FactorAccumulatorIR,"posit<32,2>",Plain,0,78,27,1879,5610,1.3903743315508021
rajat12,1879,FactorAccumulatorIR,"posit<32,2>",Plain,1,2688,27,1879,5610,47.9144385026738
rajat12,1879,FactorAccumulatorIR,"posit<32,2>",Plain,2,1140,27,1879,5610,20.32085561497326
rajat12,1879,FactorAccumulatorIR,"posit<32,2>",Plain,3,306,27,1879,5610,5.454545454545454
rajat12,1879,FactorAccumulatorIR,"posit<32,2>",Plain,4,951,27,1879,5610,16.951871657754012
rajat12,1879,FactorAccumulatorIR,"posit<32,2>",Plain,5,432,27,1879,5610,7.7005347593582885
rajat12,1879,FactorAccumulatorIR,"posit<32,2>",Plain,6,9,27,1879,5610,0.16042780748663102
rajat12,1879,FactorAccumulatorIR,"posit<32,2>",Plain,7,6,27,1879,5610,0.10695187165775401
rajat12,1879,FactorAccumulatorIR,"posit<32,2>",Quire,0,52,18,1879,3740,1.3903743315508021
rajat12,1879,FactorAccumulatorIR,"posit<32,2>",Quire,1,1792,18,1879,3740,47.9144385026738
rajat12,1879,FactorAccumulatorIR,"posit<32,2>",Quire,2,760,18,1879,3740,20.32085561497326
rajat12,1879,FactorAccumulatorIR,"posit<32,2>",Quire,3,204,18,1879,3740,5.454545454545454
rajat12,1879,FactorAccumulatorIR,"posit<32,2>",Quire,4,634,18,1879,3740,16.951871657754012
rajat12,1879,FactorAccumulatorIR,"posit<32,2>",Quire,5,288,18,1879,3740,7.7005347593582885
rajat12,1879,FactorAccumulatorIR,"posit<32,2>",Quire,6,6,18,1879,3740,0.16042780748663102
rajat12,1879,FactorAccumulatorIR,"posit<32,2>",Quire,7,4,18,1879,3740,0.10695187165775401
rajat12,1879,WorkingPrecisionResidualIR,"posit<32,2>",Plain,0,182,63,1879,13090,1.3903743315508021
rajat12,1879,WorkingPrecisionResidualIR,"posit<32,2>",Plain,1,6272,63,1879,13090,47.9144385026738
rajat12,1879,WorkingPrecisionResidualIR,"posit<32,2>",Plain,2,2660,63,1879,13090,20.32085561497326
rajat12,1879,WorkingPrecisionResidualIR,"posit<32,2>",Plain,3,714,63,1879,13090,5.454545454545454
rajat12,1879,WorkingPrecisionResidualIR,"posit<32,2>",Plain,4,2219,63,1879,13090,16.951871657754012
rajat12,1879,WorkingPrecisionResidualIR,"posit<32,2>",Plain,5,1008,63,1879,13090,7.7005347593582885
rajat12,1879,WorkingPrecisionResidualIR,"posit<32,2>",Plain,6,21,63,1879,13090,0.16042780748663102
rajat12,1879,WorkingPrecisionResidualIR,"posit<32,2>",Plain,7,14,63,1879,13090,0.10695187165775401
rajat12,1879,WorkingPrecisionResidualIR,"posit<32,2>",Quire,0,130,45,1879,9350,1.3903743315508021
rajat12,1879,WorkingPrecisionResidualIR,"posit<32,2>",Quire,1,4480,45,1879,9350,47.9144385026738
rajat12,1879,WorkingPrecisionResidualIR,"posit<32,2>",Quire,2,1900,45,1879,9350,20.32085561497326
rajat12,1879,WorkingPrecisionResidualIR,"posit<32,2>",Quire,3,510,45,1879,9350,5.454545454545454
rajat12,1879,WorkingPrecisionResidualIR,"posit<32,2>",Quire,4,1585,45,1879,9350,16.951871657754012
rajat12,1879,WorkingPrecisionResidualIR,"posit<32,2>",Quire,5,720,45,1879,9350,7.7005347593582885
rajat12,1879,WorkingPrecisionResidualIR,"posit<32,2>",Quire,6,15,45,1879,9350,0.16042780748663102
rajat12,1879,WorkingPrecisionResidualIR,"posit<32,2>",Quire,7,10,45,1879,9350,0.10695187165775401
rajat12,1879,WorkingPrecisionResidualIR,"posit<64,3>",Plain,0,26,9,1879,1870,1.3903743315508021
rajat12,1879,WorkingPrecisionResidualIR,"posit<64,3>",Plain,1,896,9,1879,1870,47.9144385026738
rajat12,1879,WorkingPrecisionResidualIR,"posit<64,3>",Plain,2,380,9,1879,1870,20.32085561497326
rajat12,1879,WorkingPrecisionResidualIR,"posit<64,3>",Plain,3,102,9,1879,1870,5.454545454545454
rajat12,1879,WorkingPrecisionResidualIR,"posit<64,3>",Plain,4,317,9,1879,1870,16.951871657754012
rajat12,1879,WorkingPrecisionResidualIR,"posit<64,3>",Plain,5,144,9,1879,1870,7.7005347593582885
rajat12,1879,WorkingPrecisionResidualIR,"posit<64,3>",Plain,6,3,9,1879,1870,0.16042780748663102
rajat12,1879,WorkingPrecisionResidualIR,"posit<64,3>",Plain,7,2,9,1879,1870,0.10695187165775401
rajat12,1879,WorkingPrecisionResidualIR,"posit<64,3>",Quire,0,26,9,1879,1870,1.3903743315508021
rajat12,1879,WorkingPrecisionResidualIR,"posit<64,3>",Quire,1,896,9,1879,1870,47.9144385026738
rajat12,1879,WorkingPrecisionResidualIR,"posit<64,3>",Quire,2,380,9,1879,1870,20.32085561497326
rajat12,1879,WorkingPrecisionResidualIR,"posit<64,3>",Quire,3,102,9,1879,1870,5.454545454545454
rajat12,1879,WorkingPrecisionResidualIR,"posit<64,3>",Quire,4,317,9,1879,1870,16.951871657754012
rajat12,1879,WorkingPrecisionResidualIR,"posit<64,3>",Quire,5,144,9,1879,1870,7.7005347593582885
rajat12,1879,WorkingPrecisionResidualIR,"posit<64,3>",Quire,6,3,9,1879,1870,0.16042780748663102
rajat12,1879,WorkingPrecisionResidualIR,"posit<64,3>",Quire,7,2,9,1879,1870,0.10695187165775401
add20,2395,FactorAccumulatorIR,"posit<16,2>",Plain,0,210,0,2395,11975,1.7536534446764092
add20,2395,FactorAccumulatorIR,"posit<16,2>",Plain,1,124,0,2395,11975,1.0354906054279749
add20,2395,FactorAccumulatorIR,"posit<16,2>",Plain,2,3299,0,2395,11975,27.549060542797495
add20,2395,FactorAccumulatorIR,"posit<16,2>",Plain,3,1437,0,2395,11975,12.0
add20,2395,FactorAccumulatorIR,"posit<16,2>",Plain,4,926,0,2395,11975,7.732776617954071
add20,2395,FactorAccumulatorIR,"posit<16,2>",Plain,5,1154,0,2395,11975,9.636743215031315
add20,2395,FactorAccumulatorIR,"posit<16,2>",Plain,6,177,0,2395,11975,1.4780793319415448
add20,2395,FactorAccumulatorIR,"posit<16,2>",Plain,7,1727,0,2395,11975,14.421711899791232
add20,2395,FactorAccumulatorIR,"posit<16,2>",Plain,8,1210,0,2395,11975,10.10438413361169
add20,2395,FactorAccumulatorIR,"posit<16,2>",Plain,9,701,0,2395,11975,5.853862212943633
add20,2395,FactorAccumulatorIR,"posit<16,2>",Plain,10,1009,0,2395,11975,8.4258872651357
add20,2395,FactorAccumulatorIR,"posit<16,2>",Plain,11,1,0,2395,11975,0.008350730688935281
add20,2395,FactorAccumulatorIR,"posit<16,2>",Quire,0,168,0,2395,9580,1.7536534446764092
add20,2395,FactorAccumulatorIR,"posit<16,2>",Quire,1,96,0,2395,9580,1.0020876826722338
add20,2395,FactorAccumulatorIR,"posit<16,2>",Quire,2,2629,0,2395,9580,27.44258872651357
add20,2395,FactorAccumulatorIR,"posit<16,2>",Quire,3,1158,0,2395,9580,12.08768267223382
add20,2395,FactorAccumulatorIR,"posit<16,2>",Quire,4,742,0,2395,9580,7.745302713987474
add20,2395,FactorAccumulatorIR,"posit<16,2>",Quire,5,926,0,2395,9580,9.665970772442588
add20,2395,FactorAccumulatorIR,"posit<16,2>",Quire,6,144,0,2395,9580,1.5031315240083507
add20,2395,FactorAccumulatorIR,"posit<16,2>",Quire,7,1367,0,2395,9580,14.269311064718163
add20,2395,FactorAccumulatorIR,"posit<16,2>",Quire,8,981,0,2395,9580,10.24008350730689
add20,2395,FactorAccumulatorIR,"posit<16,2>",Quire,9,558,0,2395,9580,5.824634655532359
add20,2395,FactorAccumulatorIR,"posit<16,2>",Quire,10,810,0,2395,9580,8.455114822546973
add20,2395,FactorAccumulatorIR,"posit<16,2>",Quire,11,1,0,2395,9580,0.010438413361169102
add20,2395,FactorAccumulatorIR,"posit<32,2>",Plain,0,126,0,2395,7185,1.7536534446764092
add20,2395,FactorAccumulatorIR,"posit<32,2>",Plain,1,87,0,2395,7185,1.210855949895616
add20,2395,FactorAccumulatorIR,"posit<32,2>",Plain,2,1971,0,2395,7185,27.432150313152402
add20,2395,FactorAccumulatorIR,"posit<32,2>",Plain,3,858,0,2395,7185,11.941544885177453
add20,2395,FactorAccumulatorIR,"posit<32,2>",Plain,4,600,0,2395,7185,8.350730688935283
add20,2395,FactorAccumulatorIR,"posit<32,2>",Plain,5,645,0,2395,7185,8.977035490605427
add20,2395,FactorAccumulatorIR,"posit<32,2>",Plain,6,96,0,2395,7185,1.336116910229645
add20,2395,FactorAccumulatorIR,"posit<32,2>",Plain,7,1080,0,2395,7185,15.031315240083508
add20,2395,FactorAccumulatorIR,"posit<32,2>",Plain,8,708,0,2395,7185,9.853862212943632
add20,2395,FactorAccumulatorIR,"posit<32,2>",Plain,9,396,0,2395,7185,5.511482254697286
add20,2395,FactorAccumulatorIR,"posit<32,2>",Plain,10,618,0,2395,7185,8.60125260960334
add20,2395,FactorAccumulatorIR,"posit<32,2>",Quire,0,126,0,2395,7185,1.7536534446764092
add20,2395,FactorAccumulatorIR,"posit<32,2>",Quire,1,87,0,2395,7185,1.210855949895616
add20,2395,FactorAccumulatorIR,"posit<32,2>",Quire,2,1971,0,2395,7185,27.432150313152402
add20,2395,FactorAccumulatorIR,"posit<32,2>",Quire,3,858,0,2395,7185,11.941544885177453
add20,2395,FactorAccumulatorIR,"posit<32,2>",Quire,4,600,0,2395,7185,8.350730688935283
add20,2395,FactorAccumulatorIR,"posit<32,2>",Quire,5,645,0,2395,7185,8.977035490605427
add20,2395,FactorAccumulatorIR,"posit<32,2>",Quire,6,96,0,2395,7185,1.336116910229645
add20,2395,FactorAccumulatorIR,"posit<32,2>",Quire,7,1080,0,2395,7185,15.031315240083508
add20,2395,FactorAccumulatorIR,"posit<32,2>",Quire,8,708,0,2395,7185,9.853862212943632
add20,2395,FactorAccumulatorIR,"posit<32,2>",Quire,9,396,0,2395,7185,5.511482254697286
add20,2395,FactorAccumulatorIR,"posit<32,2>",Quire,10,618,0,2395,7185,8.60125260960334
add20,2395,WorkingPrecisionResidualIR,"posit<32,2>",Plain,0,210,0,2395,11975,1.7536534446764092
add20,2395,WorkingPrecisionResidualIR,"posit<32,2>",Plain,1,145,0,2395,11975,1.210855949895616
add20,2395,WorkingPrecisionResidualIR,"posit<32,2>",Plain,2,3285,0,2395,11975,27.432150313152402
add20,2395,WorkingPrecisionResidualIR,"posit<32,2>",Plain,3,1430,0,2395,11975,11.941544885177453
add20,2395,WorkingPrecisionResidualIR,"posit<32,2>",Plain,4,1000,0,2395,11975,8.350730688935283
add20,2395,WorkingPrecisionResidualIR,"posit<32,2>",Plain,5,1075,0,2395,11975,8.977035490605427
add20,2395,WorkingPrecisionResidualIR,"posit<32,2>",Plain,6,160,0,2395,11975,1.336116910229645
add20,2395,WorkingPrecisionResidualIR,"posit<32,2>",Plain,7,1800,0,2395,11975,15.031315240083508
add20,2395,WorkingPrecisionResidualIR,"posit<32,2>",Plain,8,1180,0,2395,11975,9.853862212943632
add20,2395,WorkingPrecisionResidualIR,"posit<32,2>",Plain,9,660,0,2395,11975,5.511482254697286
add20,2395,WorkingPrecisionResidualIR,"posit<32,2>",Plain,10,1030,0,2395,11975,8.60125260960334
add20,2395,WorkingPrecisionResidualIR,"posit<32,2>",Quire,0,252,0,2395,14370,1.7536534446764092
add20,2395,WorkingPrecisionResidualIR,"posit<32,2>",Quire,1,174,0,2395,14370,1.210855949895616
add20,2395,WorkingPrecisionResidualIR,"posit<32,2>",Quire,2,3942,0,2395,14370,27.432150313152402
add20,2395,WorkingPrecisionResidualIR,"posit<32,2>",Quire,3,1716,0,2395,14370,11.941544885177453
add20,2395,WorkingPrecisionResidualIR,"posit<32,2>",Quire,4,1200,0,2395,14370,8.350730688935283
add20,2395,WorkingPrecisionResidualIR,"posit<32,2>",Quire,5,1290,0,2395,14370,8.977035490605427
add20,2395,WorkingPrecisionResidualIR,"posit<32,2>",Quire,6,192,0,2395,14370,1.336116910229645
add20,2395,WorkingPrecisionResidualIR,"posit<32,2>",Quire,7,2160,0,2395,14370,15.031315240083508
add20,2395,WorkingPrecisionResidualIR,"posit<32,2>",Quire,8,1416,0,2395,14370,9.853862212943632
add20,2395,WorkingPrecisionResidualIR,"posit<32,2>",Quire,9,792,0,2395,14370,5.511482254697286
add20,2395,WorkingPrecisionResidualIR,"posit<32,2>",Quire,10,1236,0,2395,14370,8.60125260960334
add20,2395,WorkingPrecisionResidualIR,"posit<64,3>",Plain,0,42,0,2395,2395,1.7536534446764092
add20,2395,WorkingPrecisionResidualIR,"posit<64,3>",Plain,1,29,0,2395,2395,1.210855949895616
add20,2395,WorkingPrecisionResidualIR,"posit<64,3>",Plain,2,657,0,2395,2395,27.432150313152402
add20,2395,WorkingPrecisionResidualIR,"posit<64,3>",Plain,3,286,0,2395,2395,11.941544885177453
add20,2395,WorkingPrecisionResidualIR,"posit<64,3>",Plain,4,200,0,2395,2395,8.350730688935283
add20,2395,WorkingPrecisionResidualIR,"posit<64,3>",Plain,5,215,0,2395,2395,8.977035490605427
add20,2395,WorkingPrecisionResidualIR,"posit<64,3>",Plain,6,32,0,2395,2395,1.336116910229645
add20,2395,WorkingPrecisionResidualIR,"posit<64,3>",Plain,7,360,0,2395,2395,15.031315240083508
add20,2395,WorkingPrecisionResidualIR,"posit<64,3>",Plain,8,236,0,2395,2395,9.853862212943632
add20,2395,WorkingPrecisionResidualIR,"posit<64,3>",Plain,9,132,0,2395,2395,5.511482254697286
add20,2395,WorkingPrecisionResidualIR,"posit<64,3>",Plain,10,206,0,2395,2395,8.60125260960334
add20,2395,WorkingPrecisionResidualIR,"posit<64,3>",Quire,0,42,0,2395,2395,1.7536534446764092
add20,2395,WorkingPrecisionResidualIR,"posit<64,3>",Quire,1,29,0,2395,2395,1.210855949895616
add20,2395,WorkingPrecisionResidualIR,"posit<64,3>",Quire,2,657,0,2395,2395,27.432150313152402
add20,2395,WorkingPrecisionResidualIR,"posit<64,3>",Quire,3,286,0,2395,2395,11.941544885177453
add20,2395,WorkingPrecisionResidualIR,"posit<64,3>",Quire,4,200,0,2395,2395,8.350730688935283
add20,2395,WorkingPrecisionResidualIR,"posit<64,3>",Quire,5,215,0,2395,2395,8.977035490605427
add20,2395,WorkingPrecisionResidualIR,"posit<64,3>",Quire,6,32,0,2395,2395,1.336116910229645
add20,2395,WorkingPrecisionResidualIR,"posit<64,3>",Quire,7,360,0,2395,2395,15.031315240083508
add20,2395,WorkingPrecisionResidualIR,"posit<64,3>",Quire,8,236,0,2395,2395,9.853862212943632
add20,2395,WorkingPrecisionResidualIR,"posit<64,3>",Quire,9,132,0,2395,2395,5.511482254697286
add20,2395,WorkingPrecisionResidualIR,"posit<64,3>",Quire,10,206,0,2395,2395,8.60125260960334
add32,4960,FactorAccumulatorIR,"posit<16,2>",Plain,0,6420,0,4960,99200,6.471774193548387
add32,4960,FactorAccumulatorIR,"posit<16,2>",Plain,1,36640,0,4960,99200,36.935483870967744
add32,4960,FactorAccumulatorIR,"posit<16,2>",Plain,2,15820,0,4960,99200,15.94758064516129
add32,4960,FactorAccumulatorIR,"posit<16,2>",Plain,3,1580,0,4960,99200,1.592741935483871
add32,4960,FactorAccumulatorIR,"posit<16,2>",Plain,4,10680,0,4960,99200,10.766129032258064
add32,4960,FactorAccumulatorIR,"posit<16,2>",Plain,5,8800,0,4960,99200,8.870967741935484
add32,4960,FactorAccumulatorIR,"posit<16,2>",Plain,6,1380,0,4960,99200,1.3911290322580645
add32,4960,FactorAccumulatorIR,"posit<16,2>",Plain,7,9860,0,4960,99200,9.939516129032258
add32,4960,FactorAccumulatorIR,"posit<16,2>",Plain,8,720,0,4960,99200,0.7258064516129032
add32,4960,FactorAccumulatorIR,"posit<16,2>",Plain,9,7180,0,4960,99200,7.237903225806452
add32,4960,FactorAccumulatorIR,"posit<16,2>",Plain,15,40,0,4960,99200,0.04032258064516129
add32,4960,FactorAccumulatorIR,"posit<16,2>",Plain,16,60,0,4960,99200,0.06048387096774194
add32,4960,FactorAccumulatorIR,"posit<16,2>",Plain,35,20,0,4960,99200,0.020161290322580645
add32,4960,FactorAccumulatorIR,"posit<16,2>",Quire,0,4815,0,4960,74400,6.471774193548387
add32,4960,FactorAccumulatorIR,"posit<16,2>",Quire,1,27480,0,4960,74400,36.935483870967744
add32,4960,FactorAccumulatorIR,"posit<16,2>",Quire,2,11865,0,4960,74400,15.94758064516129
add32,4960,FactorAccumulatorIR,"posit<16,2>",Quire,3,1185,0,4960,74400,1.592741935483871
add32,4960,FactorAccumulatorIR,"posit<16,2>",Quire,4,8010,0,4960,74400,10.766129032258064
add32,4960,FactorAccumulatorIR,"posit<16,2>",Quire,5,6600,0,4960,74400,8.870967741935484
add32,4960,FactorAccumulatorIR,"posit<16,2>",Quire,6,1035,0,4960,74400,1.3911290322580645
add32,4960,FactorAccumulatorIR,"posit<16,2>",Quire,7,7395,0,4960,74400,9.939516129032258
add32,4960,FactorAccumulatorIR,"posit<16,2>",Quire,8,540,0,4960,74400,0.7258064516129032
add32,4960,FactorAccumulatorIR,"posit<16,2>",Quire,9,5385,0,4960,74400,7.237903225806452
add32,4960,FactorAccumulatorIR,"posit<16,2>",Quire,15,30,0,4960,74400,0.04032258064516129
add32,4960,FactorAccumulatorIR,"posit<16,2>",Quire,16,45,0,4960,74400,0.06048387096774194
add32,4960,FactorAccumulatorIR,"posit<16,2>",Quire,35,15,0,4960,74400,0.020161290322580645
add32,4960,FactorAccumulatorIR,"posit<32,2>",Plain,0,642,0,4960,9920,6.471774193548387
add32,4960,FactorAccumulatorIR,"posit<32,2>",Plain,1,3664,0,4960,9920,36.935483870967744
add32,4960,FactorAccumulatorIR,"posit<32,2>",Plain,2,1582,0,4960,9920,15.94758064516129
add32,4960,FactorAccumulatorIR,"posit<32,2>",Plain,3,158,0,4960,9920,1.592741935483871
add32,4960,FactorAccumulatorIR,"posit<32,2>",Plain,4,1068,0,4960,9920,10.766129032258064
add32,4960,FactorAccumulatorIR,"posit<32,2>",Plain,5,880,0,4960,9920,8.870967741935484
add32,4960,FactorAccumulatorIR,"posit<32,2>",Plain,6,138,0,4960,9920,1.3911290322580645
add32,4960,FactorAccumulatorIR,"posit<32,2>",Plain,7,986,0,4960,9920,9.939516129032258
add32,4960,FactorAccumulatorIR,"posit<32,2>",Plain,8,72,0,4960,9920,0.7258064516129032
add32,4960,FactorAccumulatorIR,"posit<32,2>",Plain,9,718,0,4960,9920,7.237903225806452
add32,4960,FactorAccumulatorIR,"posit<32,2>",Plain,15,4,0,4960,9920,0.04032258064516129
add32,4960,FactorAccumulatorIR,"posit<32,2>",Plain,16,6,0,4960,9920,0.06048387096774194
add32,4960,FactorAccumulatorIR,"posit<32,2>",Plain,35,2,0,4960,9920,0.020161290322580645
add32,4960,FactorAccumulatorIR,"posit<32,2>",Quire,0,642,0,4960,9920,6.471774193548387
add32,4960,FactorAccumulatorIR,"posit<32,2>",Quire,1,3664,0,4960,9920,36.935483870967744
add32,4960,FactorAccumulatorIR,"posit<32,2>",Quire,2,1582,0,4960,9920,15.94758064516129
add32,4960,FactorAccumulatorIR,"posit<32,2>",Quire,3,158,0,4960,9920,1.592741935483871
add32,4960,FactorAccumulatorIR,"posit<32,2>",Quire,4,1068,0,4960,9920,10.766129032258064
add32,4960,FactorAccumulatorIR,"posit<32,2>",Quire,5,880,0,4960,9920,8.870967741935484
add32,4960,FactorAccumulatorIR,"posit<32,2>",Quire,6,138,0,4960,9920,1.3911290322580645
add32,4960,FactorAccumulatorIR,"posit<32,2>",Quire,7,986,0,4960,9920,9.939516129032258
add32,4960,FactorAccumulatorIR,"posit<32,2>",Quire,8,72,0,4960,9920,0.7258064516129032
add32,4960,FactorAccumulatorIR,"posit<32,2>",Quire,9,718,0,4960,9920,7.237903225806452
add32,4960,FactorAccumulatorIR,"posit<32,2>",Quire,15,4,0,4960,9920,0.04032258064516129
add32,4960,FactorAccumulatorIR,"posit<32,2>",Quire,16,6,0,4960,9920,0.06048387096774194
add32,4960,FactorAccumulatorIR,"posit<32,2>",Quire,35,2,0,4960,9920,0.020161290322580645
add32,4960,WorkingPrecisionResidualIR,"posit<32,2>",Plain,0,1605,0,4960,24800,6.471774193548387
add32,4960,WorkingPrecisionResidualIR,"posit<32,2>",Plain,1,9160,0,4960,24800,36.935483870967744
add32,4960,WorkingPrecisionResidualIR,"posit<32,2>",Plain,2,3955,0,4960,24800,15.94758064516129
add32,4960,WorkingPrecisionResidualIR,"posit<32,2>",Plain,3,395,0,4960,24800,1.592741935483871
add32,4960,WorkingPrecisionResidualIR,"posit<32,2>",Plain,4,2670,0,4960,24800,10.766129032258064
add32,4960,WorkingPrecisionResidualIR,"posit<32,2>",Plain,5,2200,0,4960,24800,8.870967741935484
add32,4960,WorkingPrecisionResidualIR,"posit<32,2>",Plain,6,345,0,4960,24800,1.3911290322580645
add32,4960,WorkingPrecisionResidualIR,"posit<32,2>",Plain,7,2465,0,4960,24800,9.939516129032258
add32,4960,WorkingPrecisionResidualIR,"posit<32,2>",Plain,8,180,0,4960,24800,0.7258064516129032
add32,4960,WorkingPrecisionResidualIR,"posit<32,2>",Plain,9,1795,0,4960,24800,7.237903225806452
add32,4960,WorkingPrecisionResidualIR,"posit<32,2>",Plain,15,10,0,4960,24800,0.04032258064516129
add32,4960,WorkingPrecisionResidualIR,"posit<32,2>",Plain,16,15,0,4960,24800,0.06048387096774194
add32,4960,WorkingPrecisionResidualIR,"posit<32,2>",Plain,34,5,0,4960,24800,0.020161290322580645
add32,4960,WorkingPrecisionResidualIR,"posit<32,2>",Quire,0,1605,0,4960,24800,6.471774193548387
add32,4960,WorkingPrecisionResidualIR,"posit<32,2>",Quire,1,9160,0,4960,24800,36.935483870967744
add32,4960,WorkingPrecisionResidualIR,"posit<32,2>",Quire,2,3955,0,4960,24800,15.94758064516129
add32,4960,WorkingPrecisionResidualIR,"posit<32,2>",Quire,3,395,0,4960,24800,1.592741935483871
add32,4960,WorkingPrecisionResidualIR,"posit<32,2>",Quire,4,2670,0,4960,24800,10.766129032258064
add32,4960,WorkingPrecisionResidualIR,"posit<32,2>",Quire,5,2200,0,4960,24800,8.870967741935484
add32,4960,WorkingPrecisionResidualIR,"posit<32,2>",Quire,6,345,0,4960,24800,1.3911290322580645
add32,4960,WorkingPrecisionResidualIR,"posit<32,2>",Quire,7,2465,0,4960,24800,9.939516129032258
add32,4960,WorkingPrecisionResidualIR,"posit<32,2>",Quire,8,180,0,4960,24800,0.7258064516129032
add32,4960,WorkingPrecisionResidualIR,"posit<32,2>",Quire,9,1795,0,4960,24800,7.237903225806452
add32,4960,WorkingPrecisionResidualIR,"posit<32,2>",Quire,15,10,0,4960,24800,0.04032258064516129
add32,4960,WorkingPrecisionResidualIR,"posit<32,2>",Quire,16,15,0,4960,24800,0.06048387096774194
add32,4960,WorkingPrecisionResidualIR,"posit<32,2>",Quire,34,5,0,4960,24800,0.020161290322580645
add32,4960,WorkingPrecisionResidualIR,"posit<64,3>",Plain,0,321,0,4960,4960,6.471774193548387
add32,4960,WorkingPrecisionResidualIR,"posit<64,3>",Plain,1,1832,0,4960,4960,36.935483870967744
add32,4960,WorkingPrecisionResidualIR,"posit<64,3>",Plain,2,791,0,4960,4960,15.94758064516129
add32,4960,WorkingPrecisionResidualIR,"posit<64,3>",Plain,3,79,0,4960,4960,1.592741935483871
add32,4960,WorkingPrecisionResidualIR,"posit<64,3>",Plain,4,534,0,4960,4960,10.766129032258064
add32,4960,WorkingPrecisionResidualIR,"posit<64,3>",Plain,5,440,0,4960,4960,8.870967741935484
add32,4960,WorkingPrecisionResidualIR,"posit<64,3>",Plain,6,69,0,4960,4960,1.3911290322580645
add32,4960,WorkingPrecisionResidualIR,"posit<64,3>",Plain,7,493,0,4960,4960,9.939516129032258
add32,4960,WorkingPrecisionResidualIR,"posit<64,3>",Plain,8,36,0,4960,4960,0.7258064516129032
add32,4960,WorkingPrecisionResidualIR,"posit<64,3>",Plain,9,359,0,4960,4960,7.237903225806452
add32,4960,WorkingPrecisionResidualIR,"posit<64,3>",Plain,15,2,0,4960,4960,0.04032258064516129
add32,4960,WorkingPrecisionResidualIR,"posit<64,3>",Plain,16,3,0,4960,4960,0.06048387096774194
add32,4960,WorkingPrecisionResidualIR,"posit<64,3>",Plain,35,1,0,4960,4960,0.020161290322580645
add32,4960,WorkingPrecisionResidualIR,"posit<64,3>",Quire,0,321,0,4960,4960,6.471774193548387
add32,4960,WorkingPrecisionResidualIR,"posit<64,3>",Quire,1,1832,0,4960,4960,36.935483870967744
add32,4960,WorkingPrecisionResidualIR,"posit<64,3>",Quire,2,791,0,4960,4960,15.94758064516129
add32,4960,WorkingPrecisionResidualIR,"posit<64,3>",Quire,3,79,0,4960,4960,1.592741935483871
add32,4960,WorkingPrecisionResidualIR,"posit<64,3>",Quire,4,534,0,4960,4960,10.766129032258064
add32,4960,WorkingPrecisionResidualIR,"posit<64,3>",Quire,5,440,0,4960,4960,8.870967741935484
add32,4960,WorkingPrecisionResidualIR,"posit<64,3>",Quire,6,69,0,4960,4960,1.3911290322580645
add32,4960,WorkingPrecisionResidualIR,"posit<64,3>",Quire,7,493,0,4960,4960,9.939516129032258
add32,4960,WorkingPrecisionResidualIR,"posit<64,3>",Quire,8,36,0,4960,4960,0.7258064516129032
add32,4960,WorkingPrecisionResidualIR,"posit<64,3>",Quire,9,359,0,4960,4960,7.237903225806452
add32,4960,WorkingPrecisionResidualIR,"posit<64,3>",Quire,15,2,0,4960,4960,0.04032258064516129
add32,4960,WorkingPrecisionResidualIR,"posit<64,3>",Quire,16,3,0,4960,4960,0.06048387096774194
add32,4960,WorkingPrecisionResidualIR,"posit<64,3>",Quire,35,1,0,4960,4960,0.020161290322580645
rajat13,7598,FactorAccumulatorIR,"posit<16,2>",Plain,0,18552,688,7598,60096,30.870607028753994
rajat13,7598,FactorAccumulatorIR,"posit<16,2>",Plain,1,14912,688,7598,60096,24.8136315228967
rajat13,7598,FactorAccumulatorIR,"posit<16,2>",Plain,2,15640,688,7598,60096,26.025026624068158
rajat13,7598,FactorAccumulatorIR,"posit<16,2>",Plain,3,10696,688,7598,60096,17.79818956336528
rajat13,7598,FactorAccumulatorIR,"posit<16,2>",Plain,4,264,688,7598,60096,0.43929712460063897
rajat13,7598,FactorAccumulatorIR,"posit<16,2>",Plain,5,8,688,7598,60096,0.013312034078807242
rajat13,7598,FactorAccumulatorIR,"posit<16,2>",Plain,6,16,688,7598,60096,0.026624068157614485
rajat13,7598,FactorAccumulatorIR,"posit<16,2>",Plain,7,8,688,7598,60096,0.013312034078807242
rajat13,7598,FactorAccumulatorIR,"posit<16,2>",Quire,0,11595,430,7598,37560,30.870607028753994
rajat13,7598,FactorAccumulatorIR,"posit<16,2>",Quire,1,9320,430,7598,37560,24.8136315228967
rajat13,7598,FactorAccumulatorIR,"posit<16,2>",Quire,2,9774,430,7598,37560,26.022364217252395
rajat13,7598,FactorAccumulatorIR,"posit<16,2>",Quire,3,6686,430,7598,37560,17.800851970181043
rajat13,7598,FactorAccumulatorIR,"posit<16,2>",Quire,4,165,430,7598,37560,0.43929712460063897
rajat13,7598,FactorAccumulatorIR,"posit<16,2>",Quire,5,5,430,7598,37560,0.013312034078807242
rajat13,7598,FactorAccumulatorIR,"posit<16,2>",Quire,6,10,430,7598,37560,0.026624068157614485
rajat13,7598,FactorAccumulatorIR,"posit<16,2>",Quire,7,5,430,7598,37560,0.013312034078807242
rajat13,7598,FactorAccumulatorIR,"posit<32,2>",Plain,0,6957,258,7598,22536,30.870607028753994
rajat13,7598,FactorAccumulatorIR,"posit<32,2>",Plain,1,5592,258,7598,22536,24.8136315228967
rajat13,7598,FactorAccumulatorIR,"posit<32,2>",Plain,2,5865,258,7598,22536,26.025026624068158
rajat13,7598,FactorAccumulatorIR,"posit<32,2>",Plain,3,4011,258,7598,22536,17.79818956336528
rajat13,7598,FactorAccumulatorIR,"posit<32,2>",Plain,4,99,258,7598,22536,0.43929712460063897
rajat13,7598,FactorAccumulatorIR,"posit<32,2>",Plain,5,3,258,7598,22536,0.013312034078807242
rajat13,7598,FactorAccumulatorIR,"posit<32,2>",Plain,6,6,258,7598,22536,0.026624068157614485
rajat13,7598,FactorAccumulatorIR,"posit<32,2>",Plain,7,3,258,7598,22536,0.013312034078807242
rajat13,7598,FactorAccumulatorIR,"posit<32,2>",Quire,0,4638,172,7598,15024,30.870607028753994
rajat13,7598,FactorAccumulatorIR,"posit<32,2>",Quire,1,3728,172,7598,15024,24.8136315228967
rajat13,7598,FactorAccumulatorIR,"posit<32,2>",Quire,2,3910,172,7598,15024,26.025026624068158
rajat13,7598,FactorAccumulatorIR,"posit<32,2>",Quire,3,2674,172,7598,15024,17.79818956336528
rajat13,7598,FactorAccumulatorIR,"posit<32,2>",Quire,4,66,172,7598,15024,0.43929712460063897
rajat13,7598,FactorAccumulatorIR,"posit<32,2>",Quire,5,2,172,7598,15024,0.013312034078807242
rajat13,7598,FactorAccumulatorIR,"posit<32,2>",Quire,6,4,172,7598,15024,0.026624068157614485
rajat13,7598,FactorAccumulatorIR,"posit<32,2>",Quire,7,2,172,7598,15024,0.013312034078807242
rajat13,7598,WorkingPrecisionResidualIR,"posit<32,2>",Plain,0,18552,688,7598,60096,30.870607028753994
rajat13,7598,WorkingPrecisionResidualIR,"posit<32,2>",Plain,1,14912,688,7598,60096,24.8136315228967
rajat13,7598,WorkingPrecisionResidualIR,"posit<32,2>",Plain,2,15640,688,7598,60096,26.025026624068158
rajat13,7598,WorkingPrecisionResidualIR,"posit<32,2>",Plain,3,10696,688,7598,60096,17.79818956336528
rajat13,7598,WorkingPrecisionResidualIR,"posit<32,2>",Plain,4,264,688,7598,60096,0.43929712460063897
rajat13,7598,WorkingPrecisionResidualIR,"posit<32,2>",Plain,5,8,688,7598,60096,0.013312034078807242
rajat13,7598,WorkingPrecisionResidualIR,"posit<32,2>",Plain,6,16,688,7598,60096,0.026624068157614485
rajat13,7598,WorkingPrecisionResidualIR,"posit<32,2>",Plain,7,8,688,7598,60096,0.013312034078807242
rajat13,7598,WorkingPrecisionResidualIR,"posit<32,2>",Quire,0,11595,430,7598,37560,30.870607028753994
rajat13,7598,WorkingPrecisionResidualIR,"posit<32,2>",Quire,1,9320,430,7598,37560,24.8136315228967
rajat13,7598,WorkingPrecisionResidualIR,"posit<32,2>",Quire,2,9775,430,7598,37560,26.025026624068158
rajat13,7598,WorkingPrecisionResidualIR,"posit<32,2>",Quire,3,6685,430,7598,37560,17.79818956336528
rajat13,7598,WorkingPrecisionResidualIR,"posit<32,2>",Quire,4,165,430,7598,37560,0.43929712460063897
rajat13,7598,WorkingPrecisionResidualIR,"posit<32,2>",Quire,5,5,430,7598,37560,0.013312034078807242
rajat13,7598,WorkingPrecisionResidualIR,"posit<32,2>",Quire,6,10,430,7598,37560,0.026624068157614485
rajat13,7598,WorkingPrecisionResidualIR,"posit<32,2>",Quire,7,5,430,7598,37560,0.013312034078807242
rajat13,7598,WorkingPrecisionResidualIR,"posit<64,3>",Plain,0,2319,86,7598,7512,30.870607028753994
rajat13,7598,WorkingPrecisionResidualIR,"posit<64,3>",Plain,1,1864,86,7598,7512,24.8136315228967
rajat13,7598,WorkingPrecisionResidualIR,"posit<64,3>",Plain,2,1955,86,7598,7512,26.025026624068158
rajat13,7598,WorkingPrecisionResidualIR,"posit<64,3>",Plain,3,1337,86,7598,7512,17.79818956336528
rajat13,7598,WorkingPrecisionResidualIR,"posit<64,3>",Plain,4,33,86,7598,7512,0.43929712460063897
rajat13,7598,WorkingPrecisionResidualIR,"posit<64,3>",Plain,5,1,86,7598,7512,0.013312034078807242
rajat13,7598,WorkingPrecisionResidualIR,"posit<64,3>",Plain,6,2,86,7598,7512,0.026624068157614485
rajat13,7598,WorkingPrecisionResidualIR,"posit<64,3>",Plain,7,1,86,7598,7512,0.013312034078807242
rajat13,7598,WorkingPrecisionResidualIR,"posit<64,3>",Quire,0,2319,86,7598,7512,30.870607028753994
rajat13,7598,WorkingPrecisionResidualIR,"posit<64,3>",Quire,1,1864,86,7598,7512,24.8136315228967
rajat13,7598,WorkingPrecisionResidualIR,"posit<64,3>",Quire,2,1955,86,7598,7512,26.025026624068158
rajat13,7598,WorkingPrecisionResidualIR,"posit<64,3>",Quire,3,1337,86,7598,7512,17.79818956336528
rajat13,7598,WorkingPrecisionResidualIR,"posit<64,3>",Quire,4,33,86,7598,7512,0.43929712460063897
rajat13,7598,WorkingPrecisionResidualIR,"posit<64,3>",Quire,5,1,86,7598,7512,0.013312034078807242
rajat13,7598,WorkingPrecisionResidualIR,"posit<64,3>",Quire,6,2,86,7598,7512,0.026624068157614485
rajat13,7598,WorkingPrecisionResidualIR,"posit<64,3>",Quire,7,1,86,7598,7512,0.013312034078807242
rajat03,7602,FactorAccumulatorIR,"posit<16,2>",Plain,0,428,867,7602,128367,0.3334190251388597
rajat03,7602,FactorAccumulatorIR,"posit<16,2>",Plain,1,422,867,7602,128367,0.3287449266556046
rajat03,7602,FactorAccumulatorIR,"posit<16,2>",Plain,2,17,867,7602,128367,0.013243279035889286
rajat03,7602,FactorAccumulatorIR,"posit<16,2>",Plain,7,43304,867,7602,128367,33.73452678647939
rajat03,7602,FactorAccumulatorIR,"posit<16,2>",Plain,8,41696,867,7602,128367,32.48186839296704
rajat03,7602,FactorAccumulatorIR,"posit<16,2>",Plain,12,42500,867,7602,128367,33.10819758972322
rajat03,7602,FactorAccumulatorIR,"posit<16,2>",Quire,0,417,867,7602,128367,0.32484984458622546
rajat03,7602,FactorAccumulatorIR,"posit<16,2>",Quire,1,433,867,7602,128367,0.3373141072082389
rajat03,7602,FactorAccumulatorIR,"posit<16,2>",Quire,2,17,867,7602,128367,0.013243279035889286
rajat03,7602,FactorAccumulatorIR,"posit<16,2>",Quire,7,43328,867,7602,128367,33.75322318041241
rajat03,7602,FactorAccumulatorIR,"posit<16,2>",Quire,8,41672,867,7602,128367,32.46317199903402
rajat03,7602,FactorAccumulatorIR,"posit<16,2>",Quire,12,42500,867,7602,128367,33.10819758972322
rajat03,7602,FactorAccumulatorIR,"posit<32,2>",Plain,0,59,153,7602,22653,0.2604511543724893
rajat03,7602,FactorAccumulatorIR,"posit<32,2>",Plain,1,91,153,7602,22653,0.401712797421975
rajat03,7602,FactorAccumulatorIR,"posit<32,2>",Plain,2,3,153,7602,22653,0.013243279035889286
rajat03,7602,FactorAccumulatorIR,"posit<32,2>",Plain,7,7650,153,7602,22653,33.77036154151768
rajat03,7602,FactorAccumulatorIR,"posit<32,2>",Plain,8,7350,153,7602,22653,32.44603363792875
rajat03,7602,FactorAccumulatorIR,"posit<32,2>",Plain,12,7500,153,7602,22653,33.10819758972322
rajat03,7602,FactorAccumulatorIR,"posit<32,2>",Quire,0,50,153,7602,22653,0.22072131726482144
rajat03,7602,FactorAccumulatorIR,"posit<32,2>",Quire,1,100,153,7602,22653,0.4414426345296429
rajat03,7602,FactorAccumulatorIR,"posit<32,2>",Quire,2,3,153,7602,22653,0.013243279035889286
rajat03,7602,FactorAccumulatorIR,"posit<32,2>",Quire,7,7650,153,7602,22653,33.77036154151768
rajat03,7602,FactorAccumulatorIR,"posit<32,2>",Quire,8,7350,153,7602,22653,32.44603363792875
rajat03,7602,FactorAccumulatorIR,"posit<32,2>",Quire,12,7500,153,7602,22653,33.10819758972322
rajat03,7602,WorkingPrecisionResidualIR,"posit<32,2>",Plain,0,733,816,7602,120816,0.6067077208316779
rajat03,7602,WorkingPrecisionResidualIR,"posit<32,2>",Plain,1,67,816,7602,120816,0.05545623096278639
rajat03,7602,WorkingPrecisionResidualIR,"posit<32,2>",Plain,2,16,816,7602,120816,0.013243279035889286
rajat03,7602,WorkingPrecisionResidualIR,"posit<32,2>",Plain,7,40800,816,7602,120816,33.77036154151768
rajat03,7602,WorkingPrecisionResidualIR,"posit<32,2>",Plain,8,39200,816,7602,120816,32.44603363792875
rajat03,7602,WorkingPrecisionResidualIR,"posit<32,2>",Plain,12,40000,816,7602,120816,33.10819758972322
rajat03,7602,WorkingPrecisionResidualIR,"posit<32,2>",Quire,0,300,306,7602,45306,0.6621639517944643
rajat03,7602,WorkingPrecisionResidualIR,"posit<32,2>",Quire,2,6,306,7602,45306,0.013243279035889286
rajat03,7602,WorkingPrecisionResidualIR,"posit<32,2>",Quire,7,15300,306,7602,45306,33.77036154151768
rajat03,7602,WorkingPrecisionResidualIR,"posit<32,2>",Quire,8,14700,306,7602,45306,32.44603363792875
rajat03,7602,WorkingPrecisionResidualIR,"posit<32,2>",Quire,12,15000,306,7602,45306,33.10819758972322
rajat03,7602,WorkingPrecisionResidualIR,"posit<64,3>",Plain,1,50,51,7602,7551,0.6621639517944643
rajat03,7602,WorkingPrecisionResidualIR,"posit<64,3>",Plain,2,1,51,7602,7551,0.013243279035889286
rajat03,7602,WorkingPrecisionResidualIR,"posit<64,3>",Plain,7,2550,51,7602,7551,33.77036154151768
rajat03,7602,WorkingPrecisionResidualIR,"posit<64,3>",Plain,8,2450,51,7602,7551,32.44603363792875
rajat03,7602,WorkingPrecisionResidualIR,"posit<64,3>",Plain,12,2500,51,7602,7551,33.10819758972322
rajat03,7602,WorkingPrecisionResidualIR,"posit<64,3>",Quire,1,50,51,7602,7551,0.6621639517944643
rajat03,7602,WorkingPrecisionResidualIR,"posit<64,3>",Quire,2,1,51,7602,7551,0.013243279035889286
rajat03,7602,WorkingPrecisionResidualIR,"posit<64,3>",Quire,7,2550,51,7602,7551,33.77036154151768
rajat03,7602,WorkingPrecisionResidualIR,"posit<64,3>",Quire,8,2450,51,7602,7551,32.44603363792875
rajat03,7602,WorkingPrecisionResidualIR,"posit<64,3>",Quire,12,2500,51,7602,7551,33.10819758972322
