Matrix,n,Experiment,Type,Variant,Decade,Count,ZeroCount,Total
rajat11,135,FactorAccumulatorIR,"posit<16,2>",Plain,-7,133,4046,14630
rajat11,135,FactorAccumulatorIR,"posit<16,2>",Plain,-6,1373,4046,14630
rajat11,135,FactorAccumulatorIR,"posit<16,2>",Plain,-5,3709,4046,14630
rajat11,135,FactorAccumulatorIR,"posit<16,2>",Plain,-4,1076,4046,14630
rajat11,135,FactorAccumulatorIR,"posit<16,2>",Plain,-3,997,4046,14630
rajat11,135,FactorAccumulatorIR,"posit<16,2>",Plain,-2,4614,4046,14630
rajat11,135,FactorAccumulatorIR,"posit<16,2>",Plain,-1,2441,4046,14630
rajat11,135,FactorAccumulatorIR,"posit<16,2>",Plain,0,243,4046,14630
rajat11,135,FactorAccumulatorIR,"posit<16,2>",Plain,1,44,4046,14630
rajat11,135,FactorAccumulatorIR,"posit<16,2>",Quire,-7,269,4340,15960
rajat11,135,FactorAccumulatorIR,"posit<16,2>",Quire,-6,1415,4340,15960
rajat11,135,FactorAccumulatorIR,"posit<16,2>",Quire,-5,4005,4340,15960
rajat11,135,FactorAccumulatorIR,"posit<16,2>",Quire,-4,1179,4340,15960
rajat11,135,FactorAccumulatorIR,"posit<16,2>",Quire,-3,1087,4340,15960
rajat11,135,FactorAccumulatorIR,"posit<16,2>",Quire,-2,5029,4340,15960
rajat11,135,FactorAccumulatorIR,"posit<16,2>",Quire,-1,2688,4340,15960
rajat11,135,FactorAccumulatorIR,"posit<16,2>",Quire,0,240,4340,15960
rajat11,135,FactorAccumulatorIR,"posit<16,2>",Quire,1,48,4340,15960
rajat11,135,FactorAccumulatorIR,"posit<32,2>",Plain,-7,19,1106,1330
rajat11,135,FactorAccumulatorIR,"posit<32,2>",Plain,-6,118,1106,1330
rajat11,135,FactorAccumulatorIR,"posit<32,2>",Plain,-5,337,1106,1330
rajat11,135,FactorAccumulatorIR,"posit<32,2>",Plain,-4,98,1106,1330
rajat11,135,FactorAccumulatorIR,"posit<32,2>",Plain,-3,90,1106,1330
rajat11,135,FactorAccumulatorIR,"posit<32,2>",Plain,-2,420,1106,1330
rajat11,135,FactorAccumulatorIR,"posit<32,2>",Plain,-1,224,1106,1330
rajat11,135,FactorAccumulatorIR,"posit<32,2>",Plain,0,20,1106,1330
rajat11,135,FactorAccumulatorIR,"posit<32,2>",Plain,1,4,1106,1330
rajat11,135,FactorAccumulatorIR,"posit<32,2>",Quire,-7,18,1106,1330
rajat11,135,FactorAccumulatorIR,"posit<32,2>",Quire,-6,119,1106,1330
rajat11,135,FactorAccumulatorIR,"posit<32,2>",Quire,-5,337,1106,1330
rajat11,135,FactorAccumulatorIR,"posit<32,2>",Quire,-4,98,1106,1330
rajat11,135,FactorAccumulatorIR,"posit<32,2>",Quire,-3,90,1106,1330
rajat11,135,FactorAccumulatorIR,"posit<32,2>",Quire,-2,420,1106,1330
rajat11,135,FactorAccumulatorIR,"posit<32,2>",Quire,-1,223,1106,1330
rajat11,135,FactorAccumulatorIR,"posit<32,2>",Quire,0,21,1106,1330
rajat11,135,FactorAccumulatorIR,"posit<32,2>",Quire,1,4,1106,1330
rajat11,135,WorkingPrecisionResidualIR,"posit<32,2>",Plain,-7,66,1547,3325
rajat11,135,WorkingPrecisionResidualIR,"posit<32,2>",Plain,-6,286,1547,3325
rajat11,135,WorkingPrecisionResidualIR,"posit<32,2>",Plain,-5,833,1547,3325
rajat11,135,WorkingPrecisionResidualIR,"posit<32,2>",Plain,-4,245,1547,3325
rajat11,135,WorkingPrecisionResidualIR,"posit<32,2>",Plain,-3,225,1547,3325
rajat11,135,WorkingPrecisionResidualIR,"posit<32,2>",Plain,-2,1050,1547,3325
rajat11,135,WorkingPrecisionResidualIR,"posit<32,2>",Plain,-1,557,1547,3325
rajat11,135,WorkingPrecisionResidualIR,"posit<32,2>",Plain,0,53,1547,3325
rajat11,135,WorkingPrecisionResidualIR,"posit<32,2>",Plain,1,10,1547,3325
rajat11,135,WorkingPrecisionResidualIR,"posit<32,2>",Quire,-7,80,1547,3325
rajat11,135,WorkingPrecisionResidualIR,"posit<32,2>",Quire,-6,278,1547,3325
rajat11,135,WorkingPrecisionResidualIR,"posit<32,2>",Quire,-5,827,1547,3325
rajat11,135,WorkingPrecisionResidualIR,"posit<32,2>",Quire,-4,245,1547,3325
rajat11,135,WorkingPrecisionResidualIR,"posit<32,2>",Quire,-3,225,1547,3325
rajat11,135,WorkingPrecisionResidualIR,"posit<32,2>",Quire,-2,1050,1547,3325
rajat11,135,WorkingPrecisionResidualIR,"posit<32,2>",Quire,-1,560,1547,3325
rajat11,135,WorkingPrecisionResidualIR,"posit<32,2>",Quire,0,50,1547,3325
rajat11,135,WorkingPrecisionResidualIR,"posit<32,2>",Quire,1,10,1547,3325
rajat11,135,WorkingPrecisionResidualIR,"posit<64,3>",Plain,-7,4,959,665
rajat11,135,WorkingPrecisionResidualIR,"posit<64,3>",Plain,-6,63,959,665
rajat11,135,WorkingPrecisionResidualIR,"posit<64,3>",Plain,-5,170,959,665
rajat11,135,WorkingPrecisionResidualIR,"posit<64,3>",Plain,-4,49,959,665
rajat11,135,WorkingPrecisionResidualIR,"posit<64,3>",Plain,-3,45,959,665
rajat11,135,WorkingPrecisionResidualIR,"posit<64,3>",Plain,-2,210,959,665
rajat11,135,WorkingPrecisionResidualIR,"posit<64,3>",Plain,-1,110,959,665
rajat11,135,WorkingPrecisionResidualIR,"posit<64,3>",Plain,0,12,959,665
rajat11,135,WorkingPrecisionResidualIR,"posit<64,3>",Plain,1,2,959,665
rajat11,135,WorkingPrecisionResidualIR,"posit<64,3>",Quire,-7,4,959,665
rajat11,135,WorkingPrecisionResidualIR,"posit<64,3>",Quire,-6,63,959,665
rajat11,135,WorkingPrecisionResidualIR,"posit<64,3>",Quire,-5,170,959,665
rajat11,135,WorkingPrecisionResidualIR,"posit<64,3>",Quire,-4,49,959,665
rajat11,135,WorkingPrecisionResidualIR,"posit<64,3>",Quire,-3,45,959,665
rajat11,135,WorkingPrecisionResidualIR,"posit<64,3>",Quire,-2,210,959,665
rajat11,135,WorkingPrecisionResidualIR,"posit<64,3>",Quire,-1,110,959,665
rajat11,135,WorkingPrecisionResidualIR,"posit<64,3>",Quire,0,12,959,665
rajat11,135,WorkingPrecisionResidualIR,"posit<64,3>",Quire,1,2,959,665
rajat12,1879,FactorAccumulatorIR,"posit<16,2>",Plain,-7,644,14330,166634
rajat12,1879,FactorAccumulatorIR,"posit<16,2>",Plain,-6,1251,14330,166634
rajat12,1879,FactorAccumulatorIR,"posit<16,2>",Plain,-5,5570,14330,166634
rajat12,1879,FactorAccumulatorIR,"posit<16,2>",Plain,-4,7250,14330,166634
rajat12,1879,FactorAccumulatorIR,"posit<16,2>",Plain,-3,41474,14330,166634
rajat12,1879,FactorAccumulatorIR,"posit<16,2>",Plain,-2,35628,14330,166634
rajat12,1879,FactorAccumulatorIR,"posit<16,2>",Plain,-1,38363,14330,166634
rajat12,1879,FactorAccumulatorIR,"posit<16,2>",Plain,0,36103,14330,166634
rajat12,1879,FactorAccumulatorIR,"posit<16,2>",Plain,1,286,14330,166634
rajat12,1879,FactorAccumulatorIR,"posit<16,2>",Plain,2,65,14330,166634
rajat12,1879,FactorAccumulatorIR,"posit<16,2>",Quire,-7,364,13790,102544
rajat12,1879,FactorAccumulatorIR,"posit<16,2>",Quire,-6,806,13790,102544
rajat12,1879,FactorAccumulatorIR,"posit<16,2>",Quire,-5,3410,13790,102544
rajat12,1879,FactorAccumulatorIR,"posit<16,2>",Quire,-4,4475,13790,102544
rajat12,1879,FactorAccumulatorIR,"posit<16,2>",Quire,-3,25515,13790,102544
rajat12,1879,FactorAccumulatorIR,"posit<16,2>",Quire,-2,21934,13790,102544
rajat12,1879,FactorAccumulatorIR,"posit<16,2>",Quire,-1,23604,13790,102544
rajat12,1879,FactorAccumulatorIR,"posit<16,2>",Quire,0,22220,13790,102544
rajat12,1879,FactorAccumulatorIR,"posit<16,2>",Quire,1,176,13790,102544
rajat12,1879,FactorAccumulatorIR,"posit<16,2>",Quire,2,40,13790,102544
rajat12,1879,FactorAccumulatorIR,"posit<32,2>",Plain,-7,111,13250,38454
rajat12,1879,FactorAccumulatorIR,"posit<32,2>",Plain,-6,317,13250,38454
rajat12,1879,FactorAccumulatorIR,"posit<32,2>",Plain,-5,1267,13250,38454
rajat12,1879,FactorAccumulatorIR,"posit<32,2>",Plain,-4,1701,13250,38454
rajat12,1879,FactorAccumulatorIR,"posit<32,2>",Plain,-3,9570,13250,38454
rajat12,1879,FactorAccumulatorIR,"posit<32,2>",Plain,-2,8223,13250,38454
rajat12,1879,FactorAccumulatorIR,"posit<32,2>",Plain,-1,8848,13250,38454
rajat12,1879,FactorAccumulatorIR,"posit<32,2>",Plain,0,8336,13250,38454
rajat12,1879,FactorAccumulatorIR,"posit<32,2>",Plain,1,66,13250,38454
rajat12,1879,FactorAccumulatorIR,"posit<32,2>",Plain,2,15,13250,38454
rajat12,1879,FactorAccumulatorIR,"posit<32,2>",Quire,-7,53,13142,25636
rajat12,1879,FactorAccumulatorIR,"posit<32,2>",Quire,-6,235,13142,25636
rajat12,1879,FactorAccumulatorIR,"posit<32,2>",Quire,-5,857,13142,25636
rajat12,1879,FactorAccumulatorIR,"posit<32,2>",Quire,-4,1119,13142,25636
rajat12,1879,FactorAccumulatorIR,"posit<32,2>",Quire,-3,6380,13142,25636
rajat12,1879,FactorAccumulatorIR,"posit<32,2>",Quire,-2,5482,13142,25636
rajat12,1879,FactorAccumulatorIR,"posit<32,2>",Quire,-1,5901,13142,25636
rajat12,1879,FactorAccumulatorIR,"posit<32,2>",Quire,0,5555,13142,25636
rajat12,1879,FactorAccumulatorIR,"posit<32,2>",Quire,1,44,13142,25636
rajat12,1879,FactorAccumulatorIR,"posit<32,2>",Quire,2,10,13142,25636
rajat12,1879,WorkingPrecisionResidualIR,"posit<32,2>",Plain,-7,373,13682,89726
rajat12,1879,WorkingPrecisionResidualIR,"posit<32,2>",Plain,-6,704,13682,89726
rajat12,1879,WorkingPrecisionResidualIR,"posit<32,2>",Plain,-5,2893,13682,89726
rajat12,1879,WorkingPrecisionResidualIR,"posit<32,2>",Plain,-4,3954,13682,89726
rajat12,1879,WorkingPrecisionResidualIR,"posit<32,2>",Plain,-3,22330,13682,89726
rajat12,1879,WorkingPrecisionResidualIR,"posit<32,2>",Plain,-2,19187,13682,89726
rajat12,1879,WorkingPrecisionResidualIR,"posit<32,2>",Plain,-1,20644,13682,89726
rajat12,1879,WorkingPrecisionResidualIR,"posit<32,2>",Plain,0,19452,13682,89726
rajat12,1879,WorkingPrecisionResidualIR,"posit<32,2>",Plain,1,154,13682,89726
rajat12,1879,WorkingPrecisionResidualIR,"posit<32,2>",Plain,2,35,13682,89726
rajat12,1879,WorkingPrecisionResidualIR,"posit<32,2>",Quire,-7,370,13466,64090
rajat12,1879,WorkingPrecisionResidualIR,"posit<32,2>",Quire,-6,407,13466,64090
rajat12,1879,WorkingPrecisionResidualIR,"posit<32,2>",Quire,-5,2108,13466,64090
rajat12,1879,WorkingPrecisionResidualIR,"posit<32,2>",Quire,-4,2775,13466,64090
rajat12,1879,WorkingPrecisionResidualIR,"posit<32,2>",Quire,-3,15950,13466,64090
rajat12,1879,WorkingPrecisionResidualIR,"posit<32,2>",Quire,-2,13705,13466,64090
rajat12,1879,WorkingPrecisionResidualIR,"posit<32,2>",Quire,-1,14746,13466,64090
rajat12,1879,WorkingPrecisionResidualIR,"posit<32,2>",Quire,0,13894,13466,64090
rajat12,1879,WorkingPrecisionResidualIR,"posit<32,2>",Quire,1,110,13466,64090
rajat12,1879,WorkingPrecisionResidualIR,"posit<32,2>",Quire,2,25,13466,64090
rajat12,1879,WorkingPrecisionResidualIR,"posit<64,3>",Plain,-7,32,13034,12818
rajat12,1879,WorkingPrecisionResidualIR,"posit<64,3>",Plain,-6,108,13034,12818
rajat12,1879,WorkingPrecisionResidualIR,"posit<64,3>",Plain,-5,440,13034,12818
rajat12,1879,WorkingPrecisionResidualIR,"posit<64,3>",Plain,-4,552,13034,12818
rajat12,1879,WorkingPrecisionResidualIR,"posit<64,3>",Plain,-3,3190,13034,12818
rajat12,1879,WorkingPrecisionResidualIR,"posit<64,3>",Plain,-2,2741,13034,12818
rajat12,1879,WorkingPrecisionResidualIR,"posit<64,3>",Plain,-1,2950,13034,12818
rajat12,1879,WorkingPrecisionResidualIR,"posit<64,3>",Plain,0,2778,13034,12818
rajat12,1879,WorkingPrecisionResidualIR,"posit<64,3>",Plain,1,22,13034,12818
rajat12,1879,WorkingPrecisionResidualIR,"posit<64,3>",Plain,2,5,13034,12818
rajat12,1879,WorkingPrecisionResidualIR,"posit<64,3>",Quire,-7,32,13034,12818
rajat12,1879,WorkingPrecisionResidualIR,"posit<64,3>",Quire,-6,108,13034,12818
rajat12,1879,WorkingPrecisionResidualIR,"posit<64,3>",Quire,-5,440,13034,12818
rajat12,1879,WorkingPrecisionResidualIR,"posit<64,3>",Quire,-4,552,13034,12818
rajat12,1879,WorkingPrecisionResidualIR,"posit<64,3>",Quire,-3,3190,13034,12818
rajat12,1879,WorkingPrecisionResidualIR,"posit<64,3>",Quire,-2,2741,13034,12818
rajat12,1879,WorkingPrecisionResidualIR,"posit<64,3>",Quire,-1,2950,13034,12818
rajat12,1879,WorkingPrecisionResidualIR,"posit<64,3>",Quire,0,2778,13034,12818
rajat12,1879,WorkingPrecisionResidualIR,"posit<64,3>",Quire,1,22,13034,12818
rajat12,1879,WorkingPrecisionResidualIR,"posit<64,3>",Quire,2,5,13034,12818
rajat05,301,FactorAccumulatorIR,"posit<16,2>",Plain,-7,68,4734,31250
rajat05,301,FactorAccumulatorIR,"posit<16,2>",Plain,-6,3087,4734,31250
rajat05,301,FactorAccumulatorIR,"posit<16,2>",Plain,-5,2752,4734,31250
rajat05,301,FactorAccumulatorIR,"posit<16,2>",Plain,-4,2863,4734,31250
rajat05,301,FactorAccumulatorIR,"posit<16,2>",Plain,-3,7027,4734,31250
rajat05,301,FactorAccumulatorIR,"posit<16,2>",Plain,-2,4539,4734,31250
rajat05,301,FactorAccumulatorIR,"posit<16,2>",Plain,-1,5462,4734,31250
rajat05,301,FactorAccumulatorIR,"posit<16,2>",Plain,0,5452,4734,31250
rajat05,301,FactorAccumulatorIR,"posit<16,2>",Quire,-7,90,5270,36250
rajat05,301,FactorAccumulatorIR,"posit<16,2>",Quire,-6,3593,5270,36250
rajat05,301,FactorAccumulatorIR,"posit<16,2>",Quire,-5,3250,5270,36250
rajat05,301,FactorAccumulatorIR,"posit<16,2>",Quire,-4,3272,5270,36250
rajat05,301,FactorAccumulatorIR,"posit<16,2>",Quire,-3,8223,5270,36250
rajat05,301,FactorAccumulatorIR,"posit<16,2>",Quire,-2,5301,5270,36250
rajat05,301,FactorAccumulatorIR,"posit<16,2>",Quire,-1,6701,5270,36250
rajat05,301,FactorAccumulatorIR,"posit<16,2>",Quire,0,5820,5270,36250
rajat05,301,FactorAccumulatorIR,"posit<32,2>",Plain,-7,9,1786,3750
rajat05,301,FactorAccumulatorIR,"posit<32,2>",Plain,-6,367,1786,3750
rajat05,301,FactorAccumulatorIR,"posit<32,2>",Plain,-5,331,1786,3750
rajat05,301,FactorAccumulatorIR,"posit<32,2>",Plain,-4,345,1786,3750
rajat05,301,FactorAccumulatorIR,"posit<32,2>",Plain,-3,848,1786,3750
rajat05,301,FactorAccumulatorIR,"posit<32,2>",Plain,-2,550,1786,3750
rajat05,301,FactorAccumulatorIR,"posit<32,2>",Plain,-1,574,1786,3750
rajat05,301,FactorAccumulatorIR,"posit<32,2>",Plain,0,726,1786,3750
rajat05,301,FactorAccumulatorIR,"posit<32,2>",Quire,-7,12,1786,3750
rajat05,301,FactorAccumulatorIR,"posit<32,2>",Quire,-6,369,1786,3750
rajat05,301,FactorAccumulatorIR,"posit<32,2>",Quire,-5,330,1786,3750
rajat05,301,FactorAccumulatorIR,"posit<32,2>",Quire,-4,343,1786,3750
rajat05,301,FactorAccumulatorIR,"posit<32,2>",Quire,-3,845,1786,3750
rajat05,301,FactorAccumulatorIR,"posit<32,2>",Quire,-2,563,1786,3750
rajat05,301,FactorAccumulatorIR,"posit<32,2>",Quire,-1,559,1786,3750
rajat05,301,FactorAccumulatorIR,"posit<32,2>",Quire,0,729,1786,3750
rajat05,301,WorkingPrecisionResidualIR,"posit<32,2>",Plain,-7,27,2456,10000
rajat05,301,WorkingPrecisionResidualIR,"posit<32,2>",Plain,-6,979,2456,10000
rajat05,301,WorkingPrecisionResidualIR,"posit<32,2>",Plain,-5,888,2456,10000
rajat05,301,WorkingPrecisionResidualIR,"posit<32,2>",Plain,-4,940,2456,10000
rajat05,301,WorkingPrecisionResidualIR,"posit<32,2>",Plain,-3,2228,2456,10000
rajat05,301,WorkingPrecisionResidualIR,"posit<32,2>",Plain,-2,1531,2456,10000
rajat05,301,WorkingPrecisionResidualIR,"posit<32,2>",Plain,-1,1319,2456,10000
rajat05,301,WorkingPrecisionResidualIR,"posit<32,2>",Plain,0,2088,2456,10000
rajat05,301,WorkingPrecisionResidualIR,"posit<32,2>",Quire,-7,15,2054,6250
rajat05,301,WorkingPrecisionResidualIR,"posit<32,2>",Quire,-6,614,2054,6250
rajat05,301,WorkingPrecisionResidualIR,"posit<32,2>",Quire,-5,554,2054,6250
rajat05,301,WorkingPrecisionResidualIR,"posit<32,2>",Quire,-4,583,2054,6250
rajat05,301,WorkingPrecisionResidualIR,"posit<32,2>",Quire,-3,1398,2054,6250
rajat05,301,WorkingPrecisionResidualIR,"posit<32,2>",Quire,-2,956,2054,6250
rajat05,301,WorkingPrecisionResidualIR,"posit<32,2>",Quire,-1,806,2054,6250
rajat05,301,WorkingPrecisionResidualIR,"posit<32,2>",Quire,0,1324,2054,6250
rajat05,301,WorkingPrecisionResidualIR,"posit<64,3>",Plain,-7,4,1518,1250
rajat05,301,WorkingPrecisionResidualIR,"posit<64,3>",Plain,-6,124,1518,1250
rajat05,301,WorkingPrecisionResidualIR,"posit<64,3>",Plain,-5,108,1518,1250
rajat05,301,WorkingPrecisionResidualIR,"posit<64,3>",Plain,-4,118,1518,1250
rajat05,301,WorkingPrecisionResidualIR,"posit<64,3>",Plain,-3,280,1518,1250
rajat05,301,WorkingPrecisionResidualIR,"posit<64,3>",Plain,-2,188,1518,1250
rajat05,301,WorkingPrecisionResidualIR,"posit<64,3>",Plain,-1,202,1518,1250
rajat05,301,WorkingPrecisionResidualIR,"posit<64,3>",Plain,0,226,1518,1250
rajat05,301,WorkingPrecisionResidualIR,"posit<64,3>",Quire,-7,4,1518,1250
rajat05,301,WorkingPrecisionResidualIR,"posit<64,3>",Quire,-6,124,1518,1250
rajat05,301,WorkingPrecisionResidualIR,"posit<64,3>",Quire,-5,108,1518,1250
rajat05,301,WorkingPrecisionResidualIR,"posit<64,3>",Quire,-4,118,1518,1250
rajat05,301,WorkingPrecisionResidualIR,"posit<64,3>",Quire,-3,280,1518,1250
rajat05,301,WorkingPrecisionResidualIR,"posit<64,3>",Quire,-2,188,1518,1250
rajat05,301,WorkingPrecisionResidualIR,"posit<64,3>",Quire,-1,202,1518,1250
rajat05,301,WorkingPrecisionResidualIR,"posit<64,3>",Quire,0,226,1518,1250
rajat11,135,FactorAccumulatorIR,"posit<16,2>",Plain,-7,133,4046,14630
rajat11,135,FactorAccumulatorIR,"posit<16,2>",Plain,-6,1373,4046,14630
rajat11,135,FactorAccumulatorIR,"posit<16,2>",Plain,-5,3709,4046,14630
rajat11,135,FactorAccumulatorIR,"posit<16,2>",Plain,-4,1076,4046,14630
rajat11,135,FactorAccumulatorIR,"posit<16,2>",Plain,-3,997,4046,14630
rajat11,135,FactorAccumulatorIR,"posit<16,2>",Plain,-2,4614,4046,14630
rajat11,135,FactorAccumulatorIR,"posit<16,2>",Plain,-1,2441,4046,14630
rajat11,135,FactorAccumulatorIR,"posit<16,2>",Plain,0,243,4046,14630
rajat11,135,FactorAccumulatorIR,"posit<16,2>",Plain,1,44,4046,14630
rajat11,135,FactorAccumulatorIR,"posit<16,2>",Quire,-7,269,4340,15960
rajat11,135,FactorAccumulatorIR,"posit<16,2>",Quire,-6,1415,4340,15960
rajat11,135,FactorAccumulatorIR,"posit<16,2>",Quire,-5,4005,4340,15960
rajat11,135,FactorAccumulatorIR,"posit<16,2>",Quire,-4,1179,4340,15960
rajat11,135,FactorAccumulatorIR,"posit<16,2>",Quire,-3,1087,4340,15960
rajat11,135,FactorAccumulatorIR,"posit<16,2>",Quire,-2,5029,4340,15960
rajat11,135,FactorAccumulatorIR,"posit<16,2>",Quire,-1,2688,4340,15960
rajat11,135,FactorAccumulatorIR,"posit<16,2>",Quire,0,240,4340,15960
rajat11,135,FactorAccumulatorIR,"posit<16,2>",Quire,1,48,4340,15960
rajat11,135,FactorAccumulatorIR,"posit<32,2>",Plain,-7,19,1106,1330
rajat11,135,FactorAccumulatorIR,"posit<32,2>",Plain,-6,118,1106,1330
rajat11,135,FactorAccumulatorIR,"posit<32,2>",Plain,-5,337,1106,1330
rajat11,135,FactorAccumulatorIR,"posit<32,2>",Plain,-4,98,1106,1330
rajat11,135,FactorAccumulatorIR,"posit<32,2>",Plain,-3,90,1106,1330
rajat11,135,FactorAccumulatorIR,"posit<32,2>",Plain,-2,420,1106,1330
rajat11,135,FactorAccumulatorIR,"posit<32,2>",Plain,-1,224,1106,1330
rajat11,135,FactorAccumulatorIR,"posit<32,2>",Plain,0,20,1106,1330
rajat11,135,FactorAccumulatorIR,"posit<32,2>",Plain,1,4,1106,1330
rajat11,135,FactorAccumulatorIR,"posit<32,2>",Quire,-7,18,1106,1330
rajat11,135,FactorAccumulatorIR,"posit<32,2>",Quire,-6,119,1106,1330
rajat11,135,FactorAccumulatorIR,"posit<32,2>",Quire,-5,337,1106,1330
rajat11,135,FactorAccumulatorIR,"posit<32,2>",Quire,-4,98,1106,1330
rajat11,135,FactorAccumulatorIR,"posit<32,2>",Quire,-3,90,1106,1330
rajat11,135,FactorAccumulatorIR,"posit<32,2>",Quire,-2,420,1106,1330
rajat11,135,FactorAccumulatorIR,"posit<32,2>",Quire,-1,223,1106,1330
rajat11,135,FactorAccumulatorIR,"posit<32,2>",Quire,0,21,1106,1330
rajat11,135,FactorAccumulatorIR,"posit<32,2>",Quire,1,4,1106,1330
rajat11,135,WorkingPrecisionResidualIR,"posit<32,2>",Plain,-7,66,1547,3325
rajat11,135,WorkingPrecisionResidualIR,"posit<32,2>",Plain,-6,286,1547,3325
rajat11,135,WorkingPrecisionResidualIR,"posit<32,2>",Plain,-5,833,1547,3325
rajat11,135,WorkingPrecisionResidualIR,"posit<32,2>",Plain,-4,245,1547,3325
rajat11,135,WorkingPrecisionResidualIR,"posit<32,2>",Plain,-3,225,1547,3325
rajat11,135,WorkingPrecisionResidualIR,"posit<32,2>",Plain,-2,1050,1547,3325
rajat11,135,WorkingPrecisionResidualIR,"posit<32,2>",Plain,-1,557,1547,3325
rajat11,135,WorkingPrecisionResidualIR,"posit<32,2>",Plain,0,53,1547,3325
rajat11,135,WorkingPrecisionResidualIR,"posit<32,2>",Plain,1,10,1547,3325
rajat11,135,WorkingPrecisionResidualIR,"posit<32,2>",Quire,-7,80,1547,3325
rajat11,135,WorkingPrecisionResidualIR,"posit<32,2>",Quire,-6,278,1547,3325
rajat11,135,WorkingPrecisionResidualIR,"posit<32,2>",Quire,-5,827,1547,3325
rajat11,135,WorkingPrecisionResidualIR,"posit<32,2>",Quire,-4,245,1547,3325
rajat11,135,WorkingPrecisionResidualIR,"posit<32,2>",Quire,-3,225,1547,3325
rajat11,135,WorkingPrecisionResidualIR,"posit<32,2>",Quire,-2,1050,1547,3325
rajat11,135,WorkingPrecisionResidualIR,"posit<32,2>",Quire,-1,560,1547,3325
rajat11,135,WorkingPrecisionResidualIR,"posit<32,2>",Quire,0,50,1547,3325
rajat11,135,WorkingPrecisionResidualIR,"posit<32,2>",Quire,1,10,1547,3325
rajat11,135,WorkingPrecisionResidualIR,"posit<64,3>",Plain,-7,4,959,665
rajat11,135,WorkingPrecisionResidualIR,"posit<64,3>",Plain,-6,63,959,665
rajat11,135,WorkingPrecisionResidualIR,"posit<64,3>",Plain,-5,170,959,665
rajat11,135,WorkingPrecisionResidualIR,"posit<64,3>",Plain,-4,49,959,665
rajat11,135,WorkingPrecisionResidualIR,"posit<64,3>",Plain,-3,45,959,665
rajat11,135,WorkingPrecisionResidualIR,"posit<64,3>",Plain,-2,210,959,665
rajat11,135,WorkingPrecisionResidualIR,"posit<64,3>",Plain,-1,110,959,665
rajat11,135,WorkingPrecisionResidualIR,"posit<64,3>",Plain,0,12,959,665
rajat11,135,WorkingPrecisionResidualIR,"posit<64,3>",Plain,1,2,959,665
rajat11,135,WorkingPrecisionResidualIR,"posit<64,3>",Quire,-7,4,959,665
rajat11,135,WorkingPrecisionResidualIR,"posit<64,3>",Quire,-6,63,959,665
rajat11,135,WorkingPrecisionResidualIR,"posit<64,3>",Quire,-5,170,959,665
rajat11,135,WorkingPrecisionResidualIR,"posit<64,3>",Quire,-4,49,959,665
rajat11,135,WorkingPrecisionResidualIR,"posit<64,3>",Quire,-3,45,959,665
rajat11,135,WorkingPrecisionResidualIR,"posit<64,3>",Quire,-2,210,959,665
rajat11,135,WorkingPrecisionResidualIR,"posit<64,3>",Quire,-1,110,959,665
rajat11,135,WorkingPrecisionResidualIR,"posit<64,3>",Quire,0,12,959,665
rajat11,135,WorkingPrecisionResidualIR,"posit<64,3>",Quire,1,2,959,665
rajat11,135,FactorAccumulatorIR,"posit<16,2>",Plain,-7,133,4046,14630
rajat11,135,FactorAccumulatorIR,"posit<16,2>",Plain,-6,1373,4046,14630
rajat11,135,FactorAccumulatorIR,"posit<16,2>",Plain,-5,3709,4046,14630
rajat11,135,FactorAccumulatorIR,"posit<16,2>",Plain,-4,1076,4046,14630
rajat11,135,FactorAccumulatorIR,"posit<16,2>",Plain,-3,997,4046,14630
rajat11,135,FactorAccumulatorIR,"posit<16,2>",Plain,-2,4614,4046,14630
rajat11,135,FactorAccumulatorIR,"posit<16,2>",Plain,-1,2441,4046,14630
rajat11,135,FactorAccumulatorIR,"posit<16,2>",Plain,0,243,4046,14630
rajat11,135,FactorAccumulatorIR,"posit<16,2>",Plain,1,44,4046,14630
rajat11,135,FactorAccumulatorIR,"posit<16,2>",Quire,-7,269,4340,15960
rajat11,135,FactorAccumulatorIR,"posit<16,2>",Quire,-6,1415,4340,15960
rajat11,135,FactorAccumulatorIR,"posit<16,2>",Quire,-5,4005,4340,15960
rajat11,135,FactorAccumulatorIR,"posit<16,2>",Quire,-4,1179,4340,15960
rajat11,135,FactorAccumulatorIR,"posit<16,2>",Quire,-3,1087,4340,15960
rajat11,135,FactorAccumulatorIR,"posit<16,2>",Quire,-2,5029,4340,15960
rajat11,135,FactorAccumulatorIR,"posit<16,2>",Quire,-1,2688,4340,15960
rajat11,135,FactorAccumulatorIR,"posit<16,2>",Quire,0,240,4340,15960
rajat11,135,FactorAccumulatorIR,"posit<16,2>",Quire,1,48,4340,15960
rajat11,135,FactorAccumulatorIR,"posit<32,2>",Plain,-7,19,1106,1330
rajat11,135,FactorAccumulatorIR,"posit<32,2>",Plain,-6,118,1106,1330
rajat11,135,FactorAccumulatorIR,"posit<32,2>",Plain,-5,337,1106,1330
rajat11,135,FactorAccumulatorIR,"posit<32,2>",Plain,-4,98,1106,1330
rajat11,135,FactorAccumulatorIR,"posit<32,2>",Plain,-3,90,1106,1330
rajat11,135,FactorAccumulatorIR,"posit<32,2>",Plain,-2,420,1106,1330
rajat11,135,FactorAccumulatorIR,"posit<32,2>",Plain,-1,224,1106,1330
rajat11,135,FactorAccumulatorIR,"posit<32,2>",Plain,0,20,1106,1330
rajat11,135,FactorAccumulatorIR,"posit<32,2>",Plain,1,4,1106,1330
rajat11,135,FactorAccumulatorIR,"posit<32,2>",Quire,-7,18,1106,1330
rajat11,135,FactorAccumulatorIR,"posit<32,2>",Quire,-6,119,1106,1330
rajat11,135,FactorAccumulatorIR,"posit<32,2>",Quire,-5,337,1106,1330
rajat11,135,FactorAccumulatorIR,"posit<32,2>",Quire,-4,98,1106,1330
rajat11,135,FactorAccumulatorIR,"posit<32,2>",Quire,-3,90,1106,1330
rajat11,135,FactorAccumulatorIR,"posit<32,2>",Quire,-2,420,1106,1330
rajat11,135,FactorAccumulatorIR,"posit<32,2>",Quire,-1,223,1106,1330
rajat11,135,FactorAccumulatorIR,"posit<32,2>",Quire,0,21,1106,1330
rajat11,135,FactorAccumulatorIR,"posit<32,2>",Quire,1,4,1106,1330
rajat11,135,WorkingPrecisionResidualIR,"posit<32,2>",Plain,-7,66,1547,3325
rajat11,135,WorkingPrecisionResidualIR,"posit<32,2>",Plain,-6,286,1547,3325
rajat11,135,WorkingPrecisionResidualIR,"posit<32,2>",Plain,-5,833,1547,3325
rajat11,135,WorkingPrecisionResidualIR,"posit<32,2>",Plain,-4,245,1547,3325
rajat11,135,WorkingPrecisionResidualIR,"posit<32,2>",Plain,-3,225,1547,3325
rajat11,135,WorkingPrecisionResidualIR,"posit<32,2>",Plain,-2,1050,1547,3325
rajat11,135,WorkingPrecisionResidualIR,"posit<32,2>",Plain,-1,557,1547,3325
rajat11,135,WorkingPrecisionResidualIR,"posit<32,2>",Plain,0,53,1547,3325
rajat11,135,WorkingPrecisionResidualIR,"posit<32,2>",Plain,1,10,1547,3325
rajat11,135,WorkingPrecisionResidualIR,"posit<32,2>",Quire,-7,80,1547,3325
rajat11,135,WorkingPrecisionResidualIR,"posit<32,2>",Quire,-6,278,1547,3325
rajat11,135,WorkingPrecisionResidualIR,"posit<32,2>",Quire,-5,827,1547,3325
rajat11,135,WorkingPrecisionResidualIR,"posit<32,2>",Quire,-4,245,1547,3325
rajat11,135,WorkingPrecisionResidualIR,"posit<32,2>",Quire,-3,225,1547,3325
rajat11,135,WorkingPrecisionResidualIR,"posit<32,2>",Quire,-2,1050,1547,3325
rajat11,135,WorkingPrecisionResidualIR,"posit<32,2>",Quire,-1,560,1547,3325
rajat11,135,WorkingPrecisionResidualIR,"posit<32,2>",Quire,0,50,1547,3325
rajat11,135,WorkingPrecisionResidualIR,"posit<32,2>",Quire,1,10,1547,3325
rajat11,135,WorkingPrecisionResidualIR,"posit<64,3>",Plain,-7,4,959,665
rajat11,135,WorkingPrecisionResidualIR,"posit<64,3>",Plain,-6,63,959,665
rajat11,135,WorkingPrecisionResidualIR,"posit<64,3>",Plain,-5,170,959,665
rajat11,135,WorkingPrecisionResidualIR,"posit<64,3>",Plain,-4,49,959,665
rajat11,135,WorkingPrecisionResidualIR,"posit<64,3>",Plain,-3,45,959,665
rajat11,135,WorkingPrecisionResidualIR,"posit<64,3>",Plain,-2,210,959,665
rajat11,135,WorkingPrecisionResidualIR,"posit<64,3>",Plain,-1,110,959,665
rajat11,135,WorkingPrecisionResidualIR,"posit<64,3>",Plain,0,12,959,665
rajat11,135,WorkingPrecisionResidualIR,"posit<64,3>",Plain,1,2,959,665
rajat11,135,WorkingPrecisionResidualIR,"posit<64,3>",Quire,-7,4,959,665
rajat11,135,WorkingPrecisionResidualIR,"posit<64,3>",Quire,-6,63,959,665
rajat11,135,WorkingPrecisionResidualIR,"posit<64,3>",Quire,-5,170,959,665
rajat11,135,WorkingPrecisionResidualIR,"posit<64,3>",Quire,-4,49,959,665
rajat11,135,WorkingPrecisionResidualIR,"posit<64,3>",Quire,-3,45,959,665
rajat11,135,WorkingPrecisionResidualIR,"posit<64,3>",Quire,-2,210,959,665
rajat11,135,WorkingPrecisionResidualIR,"posit<64,3>",Quire,-1,110,959,665
rajat11,135,WorkingPrecisionResidualIR,"posit<64,3>",Quire,0,12,959,665
rajat11,135,WorkingPrecisionResidualIR,"posit<64,3>",Quire,1,2,959,665
rajat14,180,FactorAccumulatorIR,"posit<16,2>",Plain,-7,13,1755,13275
rajat14,180,FactorAccumulatorIR,"posit<16,2>",Plain,-6,86,1755,13275
rajat14,180,FactorAccumulatorIR,"posit<16,2>",Plain,-5,108,1755,13275
rajat14,180,FactorAccumulatorIR,"posit<16,2>",Plain,-4,36,1755,13275
rajat14,180,FactorAccumulatorIR,"posit<16,2>",Plain,-3,9,1755,13275
rajat14,180,FactorAccumulatorIR,"posit<16,2>",Plain,-2,360,1755,13275
rajat14,180,FactorAccumulatorIR,"posit<16,2>",Plain,-1,3837,1755,13275
rajat14,180,FactorAccumulatorIR,"posit<16,2>",Plain,0,6591,1755,13275
rajat14,180,FactorAccumulatorIR,"posit<16,2>",Plain,1,1694,1755,13275
rajat14,180,FactorAccumulatorIR,"posit<16,2>",Plain,2,343,1755,13275
rajat14,180,FactorAccumulatorIR,"posit<16,2>",Plain,3,135,1755,13275
rajat14,180,FactorAccumulatorIR,"posit<16,2>",Plain,4,63,1755,13275
rajat14,180,FactorAccumulatorIR,"posit<16,2>",Quire,-7,9,1783,14750
rajat14,180,FactorAccumulatorIR,"posit<16,2>",Quire,-6,101,1783,14750
rajat14,180,FactorAccumulatorIR,"posit<16,2>",Quire,-5,120,1783,14750
rajat14,180,FactorAccumulatorIR,"posit<16,2>",Quire,-4,40,1783,14750
rajat14,180,FactorAccumulatorIR,"posit<16,2>",Quire,-3,10,1783,14750
rajat14,180,FactorAccumulatorIR,"posit<16,2>",Quire,-2,400,1783,14750
rajat14,180,FactorAccumulatorIR,"posit<16,2>",Quire,-1,4257,1783,14750
rajat14,180,FactorAccumulatorIR,"posit<16,2>",Quire,0,7330,1783,14750
rajat14,180,FactorAccumulatorIR,"posit<16,2>",Quire,1,1882,1783,14750
rajat14,180,FactorAccumulatorIR,"posit<16,2>",Quire,2,381,1783,14750
rajat14,180,FactorAccumulatorIR,"posit<16,2>",Quire,3,150,1783,14750
rajat14,180,FactorAccumulatorIR,"posit<16,2>",Quire,4,70,1783,14750
rajat14,180,FactorAccumulatorIR,"posit<32,2>",Plain,-7,2,1559,2950
rajat14,180,FactorAccumulatorIR,"posit<32,2>",Plain,-6,20,1559,2950
rajat14,180,FactorAccumulatorIR,"posit<32,2>",Plain,-5,24,1559,2950
rajat14,180,FactorAccumulatorIR,"posit<32,2>",Plain,-4,8,1559,2950
rajat14,180,FactorAccumulatorIR,"posit<32,2>",Plain,-3,2,1559,2950
rajat14,180,FactorAccumulatorIR,"posit<32,2>",Plain,-2,80,1559,2950
rajat14,180,FactorAccumulatorIR,"posit<32,2>",Plain,-1,848,1559,2950
rajat14,180,FactorAccumulatorIR,"posit<32,2>",Plain,0,1472,1559,2950
rajat14,180,FactorAccumulatorIR,"posit<32,2>",Plain,1,374,1559,2950
rajat14,180,FactorAccumulatorIR,"posit<32,2>",Plain,2,76,1559,2950
rajat14,180,FactorAccumulatorIR,"posit<32,2>",Plain,3,30,1559,2950
rajat14,180,FactorAccumulatorIR,"posit<32,2>",Plain,4,14,1559,2950
rajat14,180,FactorAccumulatorIR,"posit<32,2>",Quire,-6,22,1559,2950
rajat14,180,FactorAccumulatorIR,"posit<32,2>",Quire,-5,24,1559,2950
rajat14,180,FactorAccumulatorIR,"posit<32,2>",Quire,-4,8,1559,2950
rajat14,180,FactorAccumulatorIR,"posit<32,2>",Quire,-3,2,1559,2950
rajat14,180,FactorAccumulatorIR,"posit<32,2>",Quire,-2,80,1559,2950
rajat14,180,FactorAccumulatorIR,"posit<32,2>",Quire,-1,847,1559,2950
rajat14,180,FactorAccumulatorIR,"posit<32,2>",Quire,0,1473,1559,2950
rajat14,180,FactorAccumulatorIR,"posit<32,2>",Quire,1,374,1559,2950
rajat14,180,FactorAccumulatorIR,"posit<32,2>",Quire,2,76,1559,2950
rajat14,180,FactorAccumulatorIR,"posit<32,2>",Quire,3,30,1559,2950
rajat14,180,FactorAccumulatorIR,"posit<32,2>",Quire,4,14,1559,2950
rajat14,180,WorkingPrecisionResidualIR,"posit<32,2>",Plain,-7,62,1755,13275
rajat14,180,WorkingPrecisionResidualIR,"posit<32,2>",Plain,-6,37,1755,13275
rajat14,180,WorkingPrecisionResidualIR,"posit<32,2>",Plain,-5,108,1755,13275
rajat14,180,WorkingPrecisionResidualIR,"posit<32,2>",Plain,-4,36,1755,13275
rajat14,180,WorkingPrecisionResidualIR,"posit<32,2>",Plain,-3,9,1755,13275
rajat14,180,WorkingPrecisionResidualIR,"posit<32,2>",Plain,-2,360,1755,13275
rajat14,180,WorkingPrecisionResidualIR,"posit<32,2>",Plain,-1,3836,1755,13275
rajat14,180,WorkingPrecisionResidualIR,"posit<32,2>",Plain,0,6604,1755,13275
rajat14,180,WorkingPrecisionResidualIR,"posit<32,2>",Plain,1,1683,1755,13275
rajat14,180,WorkingPrecisionResidualIR,"posit<32,2>",Plain,2,342,1755,13275
rajat14,180,WorkingPrecisionResidualIR,"posit<32,2>",Plain,3,135,1755,13275
rajat14,180,WorkingPrecisionResidualIR,"posit<32,2>",Plain,4,63,1755,13275
rajat14,180,WorkingPrecisionResidualIR,"posit<32,2>",Quire,-7,35,1643,7375
rajat14,180,WorkingPrecisionResidualIR,"posit<32,2>",Quire,-6,20,1643,7375
rajat14,180,WorkingPrecisionResidualIR,"posit<32,2>",Quire,-5,60,1643,7375
rajat14,180,WorkingPrecisionResidualIR,"posit<32,2>",Quire,-4,20,1643,7375
rajat14,180,WorkingPrecisionResidualIR,"posit<32,2>",Quire,-3,5,1643,7375
rajat14,180,WorkingPrecisionResidualIR,"posit<32,2>",Quire,-2,200,1643,7375
rajat14,180,WorkingPrecisionResidualIR,"posit<32,2>",Quire,-1,2115,1643,7375
rajat14,180,WorkingPrecisionResidualIR,"posit<32,2>",Quire,0,3685,1643,7375
rajat14,180,WorkingPrecisionResidualIR,"posit<32,2>",Quire,1,935,1643,7375
rajat14,180,WorkingPrecisionResidualIR,"posit<32,2>",Quire,2,190,1643,7375
rajat14,180,WorkingPrecisionResidualIR,"posit<32,2>",Quire,3,75,1643,7375
rajat14,180,WorkingPrecisionResidualIR,"posit<32,2>",Quire,4,35,1643,7375
rajat14,180,WorkingPrecisionResidualIR,"posit<64,3>",Plain,-6,11,1531,1475
rajat14,180,WorkingPrecisionResidualIR,"posit<64,3>",Plain,-5,12,1531,1475
rajat14,180,WorkingPrecisionResidualIR,"posit<64,3>",Plain,-4,4,1531,1475
rajat14,180,WorkingPrecisionResidualIR,"posit<64,3>",Plain,-3,1,1531,1475
rajat14,180,WorkingPrecisionResidualIR,"posit<64,3>",Plain,-2,40,1531,1475
rajat14,180,WorkingPrecisionResidualIR,"posit<64,3>",Plain,-1,425,1531,1475
rajat14,180,WorkingPrecisionResidualIR,"posit<64,3>",Plain,0,735,1531,1475
rajat14,180,WorkingPrecisionResidualIR,"posit<64,3>",Plain,1,187,1531,1475
rajat14,180,WorkingPrecisionResidualIR,"posit<64,3>",Plain,2,38,1531,1475
rajat14,180,WorkingPrecisionResidualIR,"posit<64,3>",Plain,3,15,1531,1475
rajat14,180,WorkingPrecisionResidualIR,"posit<64,3>",Plain,4,7,1531,1475
rajat14,180,WorkingPrecisionResidualIR,"posit<64,3>",Quire,-6,11,1531,1475
rajat14,180,WorkingPrecisionResidualIR,"posit<64,3>",Quire,-5,12,1531,1475
rajat14,180,WorkingPrecisionResidualIR,"posit<64,3>",Quire,-4,4,1531,1475
rajat14,180,WorkingPrecisionResidualIR,"posit<64,3>",Quire,-3,1,1531,1475
rajat14,180,WorkingPrecisionResidualIR,"posit<64,3>",Quire,-2,40,1531,1475
rajat14,180,WorkingPrecisionResidualIR,"posit<64,3>",Quire,-1,425,1531,1475
rajat14,180,WorkingPrecisionResidualIR,"posit<64,3>",Quire,0,735,1531,1475
rajat14,180,WorkingPrecisionResidualIR,"posit<64,3>",Quire,1,187,1531,1475
rajat14,180,WorkingPrecisionResidualIR,"posit<64,3>",Quire,2,38,1531,1475
rajat14,180,WorkingPrecisionResidualIR,"posit<64,3>",Quire,3,15,1531,1475
rajat14,180,WorkingPrecisionResidualIR,"posit<64,3>",Quire,4,7,1531,1475
rajat11,135,FactorAccumulatorIR,"posit<16,2>",Plain,-7,133,4046,14630
rajat11,135,FactorAccumulatorIR,"posit<16,2>",Plain,-6,1373,4046,14630
rajat11,135,FactorAccumulatorIR,"posit<16,2>",Plain,-5,3709,4046,14630
rajat11,135,FactorAccumulatorIR,"posit<16,2>",Plain,-4,1076,4046,14630
rajat11,135,FactorAccumulatorIR,"posit<16,2>",Plain,-3,997,4046,14630
rajat11,135,FactorAccumulatorIR,"posit<16,2>",Plain,-2,4614,4046,14630
rajat11,135,FactorAccumulatorIR,"posit<16,2>",Plain,-1,2441,4046,14630
rajat11,135,FactorAccumulatorIR,"posit<16,2>",Plain,0,243,4046,14630
rajat11,135,FactorAccumulatorIR,"posit<16,2>",Plain,1,44,4046,14630
rajat11,135,FactorAccumulatorIR,"posit<16,2>",Quire,-7,269,4340,15960
rajat11,135,FactorAccumulatorIR,"posit<16,2>",Quire,-6,1415,4340,15960
rajat11,135,FactorAccumulatorIR,"posit<16,2>",Quire,-5,4005,4340,15960
rajat11,135,FactorAccumulatorIR,"posit<16,2>",Quire,-4,1179,4340,15960
rajat11,135,FactorAccumulatorIR,"posit<16,2>",Quire,-3,1087,4340,15960
rajat11,135,FactorAccumulatorIR,"posit<16,2>",Quire,-2,5029,4340,15960
rajat11,135,FactorAccumulatorIR,"posit<16,2>",Quire,-1,2688,4340,15960
rajat11,135,FactorAccumulatorIR,"posit<16,2>",Quire,0,240,4340,15960
rajat11,135,FactorAccumulatorIR,"posit<16,2>",Quire,1,48,4340,15960
rajat11,135,FactorAccumulatorIR,"posit<32,2>",Plain,-7,19,1106,1330
rajat11,135,FactorAccumulatorIR,"posit<32,2>",Plain,-6,118,1106,1330
rajat11,135,FactorAccumulatorIR,"posit<32,2>",Plain,-5,337,1106,1330
rajat11,135,FactorAccumulatorIR,"posit<32,2>",Plain,-4,98,1106,1330
rajat11,135,FactorAccumulatorIR,"posit<32,2>",Plain,-3,90,1106,1330
rajat11,135,FactorAccumulatorIR,"posit<32,2>",Plain,-2,420,1106,1330
rajat11,135,FactorAccumulatorIR,"posit<32,2>",Plain,-1,224,1106,1330
rajat11,135,FactorAccumulatorIR,"posit<32,2>",Plain,0,20,1106,1330
rajat11,135,FactorAccumulatorIR,"posit<32,2>",Plain,1,4,1106,1330
rajat11,135,FactorAccumulatorIR,"posit<32,2>",Quire,-7,18,1106,1330
rajat11,135,FactorAccumulatorIR,"posit<32,2>",Quire,-6,119,1106,1330
rajat11,135,FactorAccumulatorIR,"posit<32,2>",Quire,-5,337,1106,1330
rajat11,135,FactorAccumulatorIR,"posit<32,2>",Quire,-4,98,1106,1330
rajat11,135,FactorAccumulatorIR,"posit<32,2>",Quire,-3,90,1106,1330
rajat11,135,FactorAccumulatorIR,"posit<32,2>",Quire,-2,420,1106,1330
rajat11,135,FactorAccumulatorIR,"posit<32,2>",Quire,-1,223,1106,1330
rajat11,135,FactorAccumulatorIR,"posit<32,2>",Quire,0,21,1106,1330
rajat11,135,FactorAccumulatorIR,"posit<32,2>",Quire,1,4,1106,1330
rajat11,135,WorkingPrecisionResidualIR,"posit<32,2>",Plain,-7,66,1547,3325
rajat11,135,WorkingPrecisionResidualIR,"posit<32,2>",Plain,-6,286,1547,3325
rajat11,135,WorkingPrecisionResidualIR,"posit<32,2>",Plain,-5,833,1547,3325
rajat11,135,WorkingPrecisionResidualIR,"posit<32,2>",Plain,-4,245,1547,3325
rajat11,135,WorkingPrecisionResidualIR,"posit<32,2>",Plain,-3,225,1547,3325
rajat11,135,WorkingPrecisionResidualIR,"posit<32,2>",Plain,-2,1050,1547,3325
rajat11,135,WorkingPrecisionResidualIR,"posit<32,2>",Plain,-1,557,1547,3325
rajat11,135,WorkingPrecisionResidualIR,"posit<32,2>",Plain,0,53,1547,3325
rajat11,135,WorkingPrecisionResidualIR,"posit<32,2>",Plain,1,10,1547,3325
rajat11,135,WorkingPrecisionResidualIR,"posit<32,2>",Quire,-7,80,1547,3325
rajat11,135,WorkingPrecisionResidualIR,"posit<32,2>",Quire,-6,278,1547,3325
rajat11,135,WorkingPrecisionResidualIR,"posit<32,2>",Quire,-5,827,1547,3325
rajat11,135,WorkingPrecisionResidualIR,"posit<32,2>",Quire,-4,245,1547,3325
rajat11,135,WorkingPrecisionResidualIR,"posit<32,2>",Quire,-3,225,1547,3325
rajat11,135,WorkingPrecisionResidualIR,"posit<32,2>",Quire,-2,1050,1547,3325
rajat11,135,WorkingPrecisionResidualIR,"posit<32,2>",Quire,-1,560,1547,3325
rajat11,135,WorkingPrecisionResidualIR,"posit<32,2>",Quire,0,50,1547,3325
rajat11,135,WorkingPrecisionResidualIR,"posit<32,2>",Quire,1,10,1547,3325
rajat11,135,WorkingPrecisionResidualIR,"posit<64,3>",Plain,-7,4,959,665
rajat11,135,WorkingPrecisionResidualIR,"posit<64,3>",Plain,-6,63,959,665
rajat11,135,WorkingPrecisionResidualIR,"posit<64,3>",Plain,-5,170,959,665
rajat11,135,WorkingPrecisionResidualIR,"posit<64,3>",Plain,-4,49,959,665
rajat11,135,WorkingPrecisionResidualIR,"posit<64,3>",Plain,-3,45,959,665
rajat11,135,WorkingPrecisionResidualIR,"posit<64,3>",Plain,-2,210,959,665
rajat11,135,WorkingPrecisionResidualIR,"posit<64,3>",Plain,-1,110,959,665
rajat11,135,WorkingPrecisionResidualIR,"posit<64,3>",Plain,0,12,959,665
rajat11,135,WorkingPrecisionResidualIR,"posit<64,3>",Plain,1,2,959,665
rajat11,135,WorkingPrecisionResidualIR,"posit<64,3>",Quire,-7,4,959,665
rajat11,135,WorkingPrecisionResidualIR,"posit<64,3>",Quire,-6,63,959,665
rajat11,135,WorkingPrecisionResidualIR,"posit<64,3>",Quire,-5,170,959,665
rajat11,135,WorkingPrecisionResidualIR,"posit<64,3>",Quire,-4,49,959,665
rajat11,135,WorkingPrecisionResidualIR,"posit<64,3>",Quire,-3,45,959,665
rajat11,135,WorkingPrecisionResidualIR,"posit<64,3>",Quire,-2,210,959,665
rajat11,135,WorkingPrecisionResidualIR,"posit<64,3>",Quire,-1,110,959,665
rajat11,135,WorkingPrecisionResidualIR,"posit<64,3>",Quire,0,12,959,665
rajat11,135,WorkingPrecisionResidualIR,"posit<64,3>",Quire,1,2,959,665
rajat14,180,FactorAccumulatorIR,"posit<16,2>",Plain,-7,13,1755,13275
rajat14,180,FactorAccumulatorIR,"posit<16,2>",Plain,-6,86,1755,13275
rajat14,180,FactorAccumulatorIR,"posit<16,2>",Plain,-5,108,1755,13275
rajat14,180,FactorAccumulatorIR,"posit<16,2>",Plain,-4,36,1755,13275
rajat14,180,FactorAccumulatorIR,"posit<16,2>",Plain,-3,9,1755,13275
rajat14,180,FactorAccumulatorIR,"posit<16,2>",Plain,-2,360,1755,13275
rajat14,180,FactorAccumulatorIR,"posit<16,2>",Plain,-1,3837,1755,13275
rajat14,180,FactorAccumulatorIR,"posit<16,2>",Plain,0,6591,1755,13275
rajat14,180,FactorAccumulatorIR,"posit<16,2>",Plain,1,1694,1755,13275
rajat14,180,FactorAccumulatorIR,"posit<16,2>",Plain,2,343,1755,13275
rajat14,180,FactorAccumulatorIR,"posit<16,2>",Plain,3,135,1755,13275
rajat14,180,FactorAccumulatorIR,"posit<16,2>",Plain,4,63,1755,13275
rajat14,180,FactorAccumulatorIR,"posit<16,2>",Quire,-7,9,1783,14750
rajat14,180,FactorAccumulatorIR,"posit<16,2>",Quire,-6,101,1783,14750
rajat14,180,FactorAccumulatorIR,"posit<16,2>",Quire,-5,120,1783,14750
rajat14,180,FactorAccumulatorIR,"posit<16,2>",Quire,-4,40,1783,14750
rajat14,180,FactorAccumulatorIR,"posit<16,2>",Quire,-3,10,1783,14750
rajat14,180,FactorAccumulatorIR,"posit<16,2>",Quire,-2,400,1783,14750
rajat14,180,FactorAccumulatorIR,"posit<16,2>",Quire,-1,4257,1783,14750
rajat14,180,FactorAccumulatorIR,"posit<16,2>",Quire,0,7330,1783,14750
rajat14,180,FactorAccumulatorIR,"posit<16,2>",Quire,1,1882,1783,14750
rajat14,180,FactorAccumulatorIR,"posit<16,2>",Quire,2,381,1783,14750
rajat14,180,FactorAccumulatorIR,"posit<16,2>",Quire,3,150,1783,14750
rajat14,180,FactorAccumulatorIR,"posit<16,2>",Quire,4,70,1783,14750
rajat14,180,FactorAccumulatorIR,"posit<32,2>",Plain,-7,2,1559,2950
rajat14,180,FactorAccumulatorIR,"posit<32,2>",Plain,-6,20,1559,2950
rajat14,180,FactorAccumulatorIR,"posit<32,2>",Plain,-5,24,1559,2950
rajat14,180,FactorAccumulatorIR,"posit<32,2>",Plain,-4,8,1559,2950
rajat14,180,FactorAccumulatorIR,"posit<32,2>",Plain,-3,2,1559,2950
rajat14,180,FactorAccumulatorIR,"posit<32,2>",Plain,-2,80,1559,2950
rajat14,180,FactorAccumulatorIR,"posit<32,2>",Plain,-1,848,1559,2950
rajat14,180,FactorAccumulatorIR,"posit<32,2>",Plain,0,1472,1559,2950
rajat14,180,FactorAccumulatorIR,"posit<32,2>",Plain,1,374,1559,2950
rajat14,180,FactorAccumulatorIR,"posit<32,2>",Plain,2,76,1559,2950
rajat14,180,FactorAccumulatorIR,"posit<32,2>",Plain,3,30,1559,2950
rajat14,180,FactorAccumulatorIR,"posit<32,2>",Plain,4,14,1559,2950
rajat14,180,FactorAccumulatorIR,"posit<32,2>",Quire,-6,22,1559,2950
rajat14,180,FactorAccumulatorIR,"posit<32,2>",Quire,-5,24,1559,2950
rajat14,180,FactorAccumulatorIR,"posit<32,2>",Quire,-4,8,1559,2950
rajat14,180,FactorAccumulatorIR,"posit<32,2>",Quire,-3,2,1559,2950
rajat14,180,FactorAccumulatorIR,"posit<32,2>",Quire,-2,80,1559,2950
rajat14,180,FactorAccumulatorIR,"posit<32,2>",Quire,-1,847,1559,2950
rajat14,180,FactorAccumulatorIR,"posit<32,2>",Quire,0,1473,1559,2950
rajat14,180,FactorAccumulatorIR,"posit<32,2>",Quire,1,374,1559,2950
rajat14,180,FactorAccumulatorIR,"posit<32,2>",Quire,2,76,1559,2950
rajat14,180,FactorAccumulatorIR,"posit<32,2>",Quire,3,30,1559,2950
rajat14,180,FactorAccumulatorIR,"posit<32,2>",Quire,4,14,1559,2950
rajat14,180,WorkingPrecisionResidualIR,"posit<32,2>",Plain,-7,62,1755,13275
rajat14,180,WorkingPrecisionResidualIR,"posit<32,2>",Plain,-6,37,1755,13275
rajat14,180,WorkingPrecisionResidualIR,"posit<32,2>",Plain,-5,108,1755,13275
rajat14,180,WorkingPrecisionResidualIR,"posit<32,2>",Plain,-4,36,1755,13275
rajat14,180,WorkingPrecisionResidualIR,"posit<32,2>",Plain,-3,9,1755,13275
rajat14,180,WorkingPrecisionResidualIR,"posit<32,2>",Plain,-2,360,1755,13275
rajat14,180,WorkingPrecisionResidualIR,"posit<32,2>",Plain,-1,3836,1755,13275
rajat14,180,WorkingPrecisionResidualIR,"posit<32,2>",Plain,0,6604,1755,13275
rajat14,180,WorkingPrecisionResidualIR,"posit<32,2>",Plain,1,1683,1755,13275
rajat14,180,WorkingPrecisionResidualIR,"posit<32,2>",Plain,2,342,1755,13275
rajat14,180,WorkingPrecisionResidualIR,"posit<32,2>",Plain,3,135,1755,13275
rajat14,180,WorkingPrecisionResidualIR,"posit<32,2>",Plain,4,63,1755,13275
rajat14,180,WorkingPrecisionResidualIR,"posit<32,2>",Quire,-7,35,1643,7375
rajat14,180,WorkingPrecisionResidualIR,"posit<32,2>",Quire,-6,20,1643,7375
rajat14,180,WorkingPrecisionResidualIR,"posit<32,2>",Quire,-5,60,1643,7375
rajat14,180,WorkingPrecisionResidualIR,"posit<32,2>",Quire,-4,20,1643,7375
rajat14,180,WorkingPrecisionResidualIR,"posit<32,2>",Quire,-3,5,1643,7375
rajat14,180,WorkingPrecisionResidualIR,"posit<32,2>",Quire,-2,200,1643,7375
rajat14,180,WorkingPrecisionResidualIR,"posit<32,2>",Quire,-1,2115,1643,7375
rajat14,180,WorkingPrecisionResidualIR,"posit<32,2>",Quire,0,3685,1643,7375
rajat14,180,WorkingPrecisionResidualIR,"posit<32,2>",Quire,1,935,1643,7375
rajat14,180,WorkingPrecisionResidualIR,"posit<32,2>",Quire,2,190,1643,7375
rajat14,180,WorkingPrecisionResidualIR,"posit<32,2>",Quire,3,75,1643,7375
rajat14,180,WorkingPrecisionResidualIR,"posit<32,2>",Quire,4,35,1643,7375
rajat14,180,WorkingPrecisionResidualIR,"posit<64,3>",Plain,-6,11,1531,1475
rajat14,180,WorkingPrecisionResidualIR,"posit<64,3>",Plain,-5,12,1531,1475
rajat14,180,WorkingPrecisionResidualIR,"posit<64,3>",Plain,-4,4,1531,1475
rajat14,180,WorkingPrecisionResidualIR,"posit<64,3>",Plain,-3,1,1531,1475
rajat14,180,WorkingPrecisionResidualIR,"posit<64,3>",Plain,-2,40,1531,1475
rajat14,180,WorkingPrecisionResidualIR,"posit<64,3>",Plain,-1,425,1531,1475
rajat14,180,WorkingPrecisionResidualIR,"posit<64,3>",Plain,0,735,1531,1475
rajat14,180,WorkingPrecisionResidualIR,"posit<64,3>",Plain,1,187,1531,1475
rajat14,180,WorkingPrecisionResidualIR,"posit<64,3>",Plain,2,38,1531,1475
rajat14,180,WorkingPrecisionResidualIR,"posit<64,3>",Plain,3,15,1531,1475
rajat14,180,WorkingPrecisionResidualIR,"posit<64,3>",Plain,4,7,1531,1475
rajat14,180,WorkingPrecisionResidualIR,"posit<64,3>",Quire,-6,11,1531,1475
rajat14,180,WorkingPrecisionResidualIR,"posit<64,3>",Quire,-5,12,1531,1475
rajat14,180,WorkingPrecisionResidualIR,"posit<64,3>",Quire,-4,4,1531,1475
rajat14,180,WorkingPrecisionResidualIR,"posit<64,3>",Quire,-3,1,1531,1475
rajat14,180,WorkingPrecisionResidualIR,"posit<64,3>",Quire,-2,40,1531,1475
rajat14,180,WorkingPrecisionResidualIR,"posit<64,3>",Quire,-1,425,1531,1475
rajat14,180,WorkingPrecisionResidualIR,"posit<64,3>",Quire,0,735,1531,1475
rajat14,180,WorkingPrecisionResidualIR,"posit<64,3>",Quire,1,187,1531,1475
rajat14,180,WorkingPrecisionResidualIR,"posit<64,3>",Quire,2,38,1531,1475
rajat14,180,WorkingPrecisionResidualIR,"posit<64,3>",Quire,3,15,1531,1475
rajat14,180,WorkingPrecisionResidualIR,"posit<64,3>",Quire,4,7,1531,1475
rajat05,301,FactorAccumulatorIR,"posit<16,2>",Plain,-7,68,4734,31250
rajat05,301,FactorAccumulatorIR,"posit<16,2>",Plain,-6,3087,4734,31250
rajat05,301,FactorAccumulatorIR,"posit<16,2>",Plain,-5,2752,4734,31250
rajat05,301,FactorAccumulatorIR,"posit<16,2>",Plain,-4,2863,4734,31250
rajat05,301,FactorAccumulatorIR,"posit<16,2>",Plain,-3,7027,4734,31250
rajat05,301,FactorAccumulatorIR,"posit<16,2>",Plain,-2,4539,4734,31250
rajat05,301,FactorAccumulatorIR,"posit<16,2>",Plain,-1,5462,4734,31250
rajat05,301,FactorAccumulatorIR,"posit<16,2>",Plain,0,5452,4734,31250
rajat05,301,FactorAccumulatorIR,"posit<16,2>",Quire,-7,90,5270,36250
rajat05,301,FactorAccumulatorIR,"posit<16,2>",Quire,-6,3593,5270,36250
rajat05,301,FactorAccumulatorIR,"posit<16,2>",Quire,-5,3250,5270,36250
rajat05,301,FactorAccumulatorIR,"posit<16,2>",Quire,-4,3272,5270,36250
rajat05,301,FactorAccumulatorIR,"posit<16,2>",Quire,-3,8223,5270,36250
rajat05,301,FactorAccumulatorIR,"posit<16,2>",Quire,-2,5301,5270,36250
rajat05,301,FactorAccumulatorIR,"posit<16,2>",Quire,-1,6701,5270,36250
rajat05,301,FactorAccumulatorIR,"posit<16,2>",Quire,0,5820,5270,36250
rajat05,301,FactorAccumulatorIR,"posit<32,2>",Plain,-7,9,1786,3750
rajat05,301,FactorAccumulatorIR,"posit<32,2>",Plain,-6,367,1786,3750
rajat05,301,FactorAccumulatorIR,"posit<32,2>",Plain,-5,331,1786,3750
rajat05,301,FactorAccumulatorIR,"posit<32,2>",Plain,-4,345,1786,3750
rajat05,301,FactorAccumulatorIR,"posit<32,2>",Plain,-3,848,1786,3750
rajat05,301,FactorAccumulatorIR,"posit<32,2>",Plain,-2,550,1786,3750
rajat05,301,FactorAccumulatorIR,"posit<32,2>",Plain,-1,574,1786,3750
rajat05,301,FactorAccumulatorIR,"posit<32,2>",Plain,0,726,1786,3750
rajat05,301,FactorAccumulatorIR,"posit<32,2>",Quire,-7,12,1786,3750
rajat05,301,FactorAccumulatorIR,"posit<32,2>",Quire,-6,369,1786,3750
rajat05,301,FactorAccumulatorIR,"posit<32,2>",Quire,-5,330,1786,3750
rajat05,301,FactorAccumulatorIR,"posit<32,2>",Quire,-4,343,1786,3750
rajat05,301,FactorAccumulatorIR,"posit<32,2>",Quire,-3,845,1786,3750
rajat05,301,FactorAccumulatorIR,"posit<32,2>",Quire,-2,563,1786,3750
rajat05,301,FactorAccumulatorIR,"posit<32,2>",Quire,-1,559,1786,3750
rajat05,301,FactorAccumulatorIR,"posit<32,2>",Quire,0,729,1786,3750
rajat05,301,WorkingPrecisionResidualIR,"posit<32,2>",Plain,-7,27,2456,10000
rajat05,301,WorkingPrecisionResidualIR,"posit<32,2>",Plain,-6,979,2456,10000
rajat05,301,WorkingPrecisionResidualIR,"posit<32,2>",Plain,-5,888,2456,10000
rajat05,301,WorkingPrecisionResidualIR,"posit<32,2>",Plain,-4,940,2456,10000
rajat05,301,WorkingPrecisionResidualIR,"posit<32,2>",Plain,-3,2228,2456,10000
rajat05,301,WorkingPrecisionResidualIR,"posit<32,2>",Plain,-2,1531,2456,10000
rajat05,301,WorkingPrecisionResidualIR,"posit<32,2>",Plain,-1,1319,2456,10000
rajat05,301,WorkingPrecisionResidualIR,"posit<32,2>",Plain,0,2088,2456,10000
rajat05,301,WorkingPrecisionResidualIR,"posit<32,2>",Quire,-7,15,2054,6250
rajat05,301,WorkingPrecisionResidualIR,"posit<32,2>",Quire,-6,614,2054,6250
rajat05,301,WorkingPrecisionResidualIR,"posit<32,2>",Quire,-5,554,2054,6250
rajat05,301,WorkingPrecisionResidualIR,"posit<32,2>",Quire,-4,583,2054,6250
rajat05,301,WorkingPrecisionResidualIR,"posit<32,2>",Quire,-3,1398,2054,6250
rajat05,301,WorkingPrecisionResidualIR,"posit<32,2>",Quire,-2,956,2054,6250
rajat05,301,WorkingPrecisionResidualIR,"posit<32,2>",Quire,-1,806,2054,6250
rajat05,301,WorkingPrecisionResidualIR,"posit<32,2>",Quire,0,1324,2054,6250
rajat05,301,WorkingPrecisionResidualIR,"posit<64,3>",Plain,-7,4,1518,1250
rajat05,301,WorkingPrecisionResidualIR,"posit<64,3>",Plain,-6,124,1518,1250
rajat05,301,WorkingPrecisionResidualIR,"posit<64,3>",Plain,-5,108,1518,1250
rajat05,301,WorkingPrecisionResidualIR,"posit<64,3>",Plain,-4,118,1518,1250
rajat05,301,WorkingPrecisionResidualIR,"posit<64,3>",Plain,-3,280,1518,1250
rajat05,301,WorkingPrecisionResidualIR,"posit<64,3>",Plain,-2,188,1518,1250
rajat05,301,WorkingPrecisionResidualIR,"posit<64,3>",Plain,-1,202,1518,1250
rajat05,301,WorkingPrecisionResidualIR,"posit<64,3>",Plain,0,226,1518,1250
rajat05,301,WorkingPrecisionResidualIR,"posit<64,3>",Quire,-7,4,1518,1250
rajat05,301,WorkingPrecisionResidualIR,"posit<64,3>",Quire,-6,124,1518,1250
rajat05,301,WorkingPrecisionResidualIR,"posit<64,3>",Quire,-5,108,1518,1250
rajat05,301,WorkingPrecisionResidualIR,"posit<64,3>",Quire,-4,118,1518,1250
rajat05,301,WorkingPrecisionResidualIR,"posit<64,3>",Quire,-3,280,1518,1250
rajat05,301,WorkingPrecisionResidualIR,"posit<64,3>",Quire,-2,188,1518,1250
rajat05,301,WorkingPrecisionResidualIR,"posit<64,3>",Quire,-1,202,1518,1250
rajat05,301,WorkingPrecisionResidualIR,"posit<64,3>",Quire,0,226,1518,1250
rajat19,1157,FactorAccumulatorIR,"posit<16,2>",Plain,-23,224,29427,51558
rajat19,1157,FactorAccumulatorIR,"posit<16,2>",Plain,-10,17,29427,51558
rajat19,1157,FactorAccumulatorIR,"posit<16,2>",Plain,-9,39,29427,51558
rajat19,1157,FactorAccumulatorIR,"posit<16,2>",Plain,-7,68,29427,51558
rajat19,1157,FactorAccumulatorIR,"posit<16,2>",Plain,-6,2460,29427,51558
rajat19,1157,FactorAccumulatorIR,"posit<16,2>",Plain,-5,706,29427,51558
rajat19,1157,FactorAccumulatorIR,"posit<16,2>",Plain,-4,704,29427,51558
rajat19,1157,FactorAccumulatorIR,"posit<16,2>",Plain,-3,25527,29427,51558
rajat19,1157,FactorAccumulatorIR,"posit<16,2>",Plain,-2,2231,29427,51558
rajat19,1157,FactorAccumulatorIR,"posit<16,2>",Plain,-1,4567,29427,51558
rajat19,1157,FactorAccumulatorIR,"posit<16,2>",Plain,0,15015,29427,51558
rajat19,1157,FactorAccumulatorIR,"posit<16,2>",Quire,-23,176,24135,40653
rajat19,1157,FactorAccumulatorIR,"posit<16,2>",Quire,-10,15,24135,40653
rajat19,1157,FactorAccumulatorIR,"posit<16,2>",Quire,-9,29,24135,40653
rajat19,1157,FactorAccumulatorIR,"posit<16,2>",Quire,-7,2,24135,40653
rajat19,1157,FactorAccumulatorIR,"posit<16,2>",Quire,-6,1893,24135,40653
rajat19,1157,FactorAccumulatorIR,"posit<16,2>",Quire,-5,282,24135,40653
rajat19,1157,FactorAccumulatorIR,"posit<16,2>",Quire,-4,957,24135,40653
rajat19,1157,FactorAccumulatorIR,"posit<16,2>",Quire,-3,19769,24135,40653
rajat19,1157,FactorAccumulatorIR,"posit<16,2>",Quire,-2,1990,24135,40653
rajat19,1157,FactorAccumulatorIR,"posit<16,2>",Quire,-1,3656,24135,40653
rajat19,1157,FactorAccumulatorIR,"posit<16,2>",Quire,0,11884,24135,40653
rajat19,1157,FactorAccumulatorIR,"posit<32,2>",Plain,-23,80,13899,18495
rajat19,1157,FactorAccumulatorIR,"posit<32,2>",Plain,-10,6,13899,18495
rajat19,1157,FactorAccumulatorIR,"posit<32,2>",Plain,-9,14,13899,18495
rajat19,1157,FactorAccumulatorIR,"posit<32,2>",Plain,-7,50,13899,18495
rajat19,1157,FactorAccumulatorIR,"posit<32,2>",Plain,-6,811,13899,18495
rajat19,1157,FactorAccumulatorIR,"posit<32,2>",Plain,-5,94,13899,18495
rajat19,1157,FactorAccumulatorIR,"posit<32,2>",Plain,-4,164,13899,18495
rajat19,1157,FactorAccumulatorIR,"posit<32,2>",Plain,-3,9126,13899,18495
rajat19,1157,FactorAccumulatorIR,"posit<32,2>",Plain,-2,955,13899,18495
rajat19,1157,FactorAccumulatorIR,"posit<32,2>",Plain,-1,1817,13899,18495
rajat19,1157,FactorAccumulatorIR,"posit<32,2>",Plain,0,5378,13899,18495
rajat19,1157,FactorAccumulatorIR,"posit<32,2>",Quire,-23,64,12199,14796
rajat19,1157,FactorAccumulatorIR,"posit<32,2>",Quire,-10,6,12199,14796
rajat19,1157,FactorAccumulatorIR,"posit<32,2>",Quire,-9,10,12199,14796
rajat19,1157,FactorAccumulatorIR,"posit<32,2>",Quire,-7,22,12199,14796
rajat19,1157,FactorAccumulatorIR,"posit<32,2>",Quire,-6,662,12199,14796
rajat19,1157,FactorAccumulatorIR,"posit<32,2>",Quire,-5,80,12199,14796
rajat19,1157,FactorAccumulatorIR,"posit<32,2>",Quire,-4,122,12199,14796
rajat19,1157,FactorAccumulatorIR,"posit<32,2>",Quire,-3,7316,12199,14796
rajat19,1157,FactorAccumulatorIR,"posit<32,2>",Quire,-2,758,12199,14796
rajat19,1157,FactorAccumulatorIR,"posit<32,2>",Quire,-1,1438,12199,14796
rajat19,1157,FactorAccumulatorIR,"posit<32,2>",Quire,0,4318,12199,14796
rajat19,1157,WorkingPrecisionResidualIR,"posit<32,2>",Plain,-23,96,15599,22194
rajat19,1157,WorkingPrecisionResidualIR,"posit<32,2>",Plain,-10,6,15599,22194
rajat19,1157,WorkingPrecisionResidualIR,"posit<32,2>",Plain,-9,18,15599,22194
rajat19,1157,WorkingPrecisionResidualIR,"posit<32,2>",Plain,-7,902,15599,22194
rajat19,1157,WorkingPrecisionResidualIR,"posit<32,2>",Plain,-6,178,15599,22194
rajat19,1157,WorkingPrecisionResidualIR,"posit<32,2>",Plain,-5,66,15599,22194
rajat19,1157,WorkingPrecisionResidualIR,"posit<32,2>",Plain,-4,633,15599,22194
rajat19,1157,WorkingPrecisionResidualIR,"posit<32,2>",Plain,-3,10605,15599,22194
rajat19,1157,WorkingPrecisionResidualIR,"posit<32,2>",Plain,-2,1056,15599,22194
rajat19,1157,WorkingPrecisionResidualIR,"posit<32,2>",Plain,-1,2678,15599,22194
rajat19,1157,WorkingPrecisionResidualIR,"posit<32,2>",Plain,0,5956,15599,22194
rajat19,1157,WorkingPrecisionResidualIR,"posit<32,2>",Quire,-23,80,13899,18495
rajat19,1157,WorkingPrecisionResidualIR,"posit<32,2>",Quire,-10,4,13899,18495
rajat19,1157,WorkingPrecisionResidualIR,"posit<32,2>",Quire,-9,16,13899,18495
rajat19,1157,WorkingPrecisionResidualIR,"posit<32,2>",Quire,-7,757,13899,18495
rajat19,1157,WorkingPrecisionResidualIR,"posit<32,2>",Quire,-6,143,13899,18495
rajat19,1157,WorkingPrecisionResidualIR,"posit<32,2>",Quire,-5,55,13899,18495
rajat19,1157,WorkingPrecisionResidualIR,"posit<32,2>",Quire,-4,539,13899,18495
rajat19,1157,WorkingPrecisionResidualIR,"posit<32,2>",Quire,-3,8799,13899,18495
rajat19,1157,WorkingPrecisionResidualIR,"posit<32,2>",Quire,-2,907,13899,18495
rajat19,1157,WorkingPrecisionResidualIR,"posit<32,2>",Quire,-1,1805,13899,18495
rajat19,1157,WorkingPrecisionResidualIR,"posit<32,2>",Quire,0,5390,13899,18495
rajat19,1157,WorkingPrecisionResidualIR,"posit<64,3>",Plain,-23,16,7099,3699
rajat19,1157,WorkingPrecisionResidualIR,"posit<64,3>",Plain,-9,4,7099,3699
rajat19,1157,WorkingPrecisionResidualIR,"posit<64,3>",Plain,-7,18,7099,3699
rajat19,1157,WorkingPrecisionResidualIR,"posit<64,3>",Plain,-6,153,7099,3699
rajat19,1157,WorkingPrecisionResidualIR,"posit<64,3>",Plain,-5,20,7099,3699
rajat19,1157,WorkingPrecisionResidualIR,"posit<64,3>",Plain,-4,16,7099,3699
rajat19,1157,WorkingPrecisionResidualIR,"posit<64,3>",Plain,-3,1836,7099,3699
rajat19,1157,WorkingPrecisionResidualIR,"posit<64,3>",Plain,-2,197,7099,3699
rajat19,1157,WorkingPrecisionResidualIR,"posit<64,3>",Plain,-1,436,7099,3699
rajat19,1157,WorkingPrecisionResidualIR,"posit<64,3>",Plain,0,1003,7099,3699
rajat19,1157,WorkingPrecisionResidualIR,"posit<64,3>",Quire,-23,16,7099,3699
rajat19,1157,WorkingPrecisionResidualIR,"posit<64,3>",Quire,-9,4,7099,3699
rajat19,1157,WorkingPrecisionResidualIR,"posit<64,3>",Quire,-7,18,7099,3699
rajat19,1157,WorkingPrecisionResidualIR,"posit<64,3>",Quire,-6,153,7099,3699
rajat19,1157,WorkingPrecisionResidualIR,"posit<64,3>",Quire,-5,20,7099,3699
rajat19,1157,WorkingPrecisionResidualIR,"posit<64,3>",Quire,-4,16,7099,3699
rajat19,1157,WorkingPrecisionResidualIR,"posit<64,3>",Quire,-3,1836,7099,3699
rajat19,1157,WorkingPrecisionResidualIR,"posit<64,3>",Quire,-2,197,7099,3699
rajat19,1157,WorkingPrecisionResidualIR,"posit<64,3>",Quire,-1,436,7099,3699
rajat19,1157,WorkingPrecisionResidualIR,"posit<64,3>",Quire,0,1003,7099,3699
rajat04,1041,FactorAccumulatorIR,"posit<16,2>",Plain,-7,329,17895,78525
rajat04,1041,FactorAccumulatorIR,"posit<16,2>",Plain,-6,926,17895,78525
rajat04,1041,FactorAccumulatorIR,"posit<16,2>",Plain,-5,737,17895,78525
rajat04,1041,FactorAccumulatorIR,"posit<16,2>",Plain,-4,1617,17895,78525
rajat04,1041,FactorAccumulatorIR,"posit<16,2>",Plain,-3,1188,17895,78525
rajat04,1041,FactorAccumulatorIR,"posit<16,2>",Plain,-2,10035,17895,78525
rajat04,1041,FactorAccumulatorIR,"posit<16,2>",Plain,-1,35852,17895,78525
rajat04,1041,FactorAccumulatorIR,"posit<16,2>",Plain,0,20893,17895,78525
rajat04,1041,FactorAccumulatorIR,"posit<16,2>",Plain,1,5373,17895,78525
rajat04,1041,FactorAccumulatorIR,"posit<16,2>",Plain,2,1125,17895,78525
rajat04,1041,FactorAccumulatorIR,"posit<16,2>",Plain,3,432,17895,78525
rajat04,1041,FactorAccumulatorIR,"posit<16,2>",Plain,4,18,17895,78525
rajat04,1041,FactorAccumulatorIR,"posit<16,2>",Quire,-7,208,16978,69800
rajat04,1041,FactorAccumulatorIR,"posit<16,2>",Quire,-6,897,16978,69800
rajat04,1041,FactorAccumulatorIR,"posit<16,2>",Quire,-5,669,16978,69800
rajat04,1041,FactorAccumulatorIR,"posit<16,2>",Quire,-4,1434,16978,69800
rajat04,1041,FactorAccumulatorIR,"posit<16,2>",Quire,-3,1056,16978,69800
rajat04,1041,FactorAccumulatorIR,"posit<16,2>",Quire,-2,8920,16978,69800
rajat04,1041,FactorAccumulatorIR,"posit<16,2>",Quire,-1,31840,16978,69800
rajat04,1041,FactorAccumulatorIR,"posit<16,2>",Quire,0,18601,16978,69800
rajat04,1041,FactorAccumulatorIR,"posit<16,2>",Quire,1,4775,16978,69800
rajat04,1041,FactorAccumulatorIR,"posit<16,2>",Quire,2,1000,16978,69800
rajat04,1041,FactorAccumulatorIR,"posit<16,2>",Quire,3,384,16978,69800
rajat04,1041,FactorAccumulatorIR,"posit<16,2>",Quire,4,16,16978,69800
rajat04,1041,FactorAccumulatorIR,"posit<32,2>",Plain,-7,53,12393,26175
rajat04,1041,FactorAccumulatorIR,"posit<32,2>",Plain,-6,357,12393,26175
rajat04,1041,FactorAccumulatorIR,"posit<32,2>",Plain,-5,256,12393,26175
rajat04,1041,FactorAccumulatorIR,"posit<32,2>",Plain,-4,537,12393,26175
rajat04,1041,FactorAccumulatorIR,"posit<32,2>",Plain,-3,396,12393,26175
rajat04,1041,FactorAccumulatorIR,"posit<32,2>",Plain,-2,3345,12393,26175
rajat04,1041,FactorAccumulatorIR,"posit<32,2>",Plain,-1,11927,12393,26175
rajat04,1041,FactorAccumulatorIR,"posit<32,2>",Plain,0,6988,12393,26175
rajat04,1041,FactorAccumulatorIR,"posit<32,2>",Plain,1,1791,12393,26175
rajat04,1041,FactorAccumulatorIR,"posit<32,2>",Plain,2,375,12393,26175
rajat04,1041,FactorAccumulatorIR,"posit<32,2>",Plain,3,144,12393,26175
rajat04,1041,FactorAccumulatorIR,"posit<32,2>",Plain,4,6,12393,26175
rajat04,1041,FactorAccumulatorIR,"posit<32,2>",Quire,-7,26,11476,17450
rajat04,1041,FactorAccumulatorIR,"posit<32,2>",Quire,-6,249,11476,17450
rajat04,1041,FactorAccumulatorIR,"posit<32,2>",Quire,-5,169,11476,17450
rajat04,1041,FactorAccumulatorIR,"posit<32,2>",Quire,-4,358,11476,17450
rajat04,1041,FactorAccumulatorIR,"posit<32,2>",Quire,-3,264,11476,17450
rajat04,1041,FactorAccumulatorIR,"posit<32,2>",Quire,-2,2230,11476,17450
rajat04,1041,FactorAccumulatorIR,"posit<32,2>",Quire,-1,7953,11476,17450
rajat04,1041,FactorAccumulatorIR,"posit<32,2>",Quire,0,4657,11476,17450
rajat04,1041,FactorAccumulatorIR,"posit<32,2>",Quire,1,1194,11476,17450
rajat04,1041,FactorAccumulatorIR,"posit<32,2>",Quire,2,250,11476,17450
rajat04,1041,FactorAccumulatorIR,"posit<32,2>",Quire,3,96,11476,17450
rajat04,1041,FactorAccumulatorIR,"posit<32,2>",Quire,4,4,11476,17450
rajat04,1041,WorkingPrecisionResidualIR,"posit<32,2>",Plain,-7,444,16978,69800
rajat04,1041,WorkingPrecisionResidualIR,"posit<32,2>",Plain,-6,641,16978,69800
rajat04,1041,WorkingPrecisionResidualIR,"posit<32,2>",Plain,-5,686,16978,69800
rajat04,1041,WorkingPrecisionResidualIR,"posit<32,2>",Plain,-4,1437,16978,69800
rajat04,1041,WorkingPrecisionResidualIR,"posit<32,2>",Plain,-3,1056,16978,69800
rajat04,1041,WorkingPrecisionResidualIR,"posit<32,2>",Plain,-2,8920,16978,69800
rajat04,1041,WorkingPrecisionResidualIR,"posit<32,2>",Plain,-1,31747,16978,69800
rajat04,1041,WorkingPrecisionResidualIR,"posit<32,2>",Plain,0,18693,16978,69800
rajat04,1041,WorkingPrecisionResidualIR,"posit<32,2>",Plain,1,4776,16978,69800
rajat04,1041,WorkingPrecisionResidualIR,"posit<32,2>",Plain,2,1000,16978,69800
rajat04,1041,WorkingPrecisionResidualIR,"posit<32,2>",Plain,3,384,16978,69800
rajat04,1041,WorkingPrecisionResidualIR,"posit<32,2>",Plain,4,16,16978,69800
rajat04,1041,WorkingPrecisionResidualIR,"posit<32,2>",Quire,-7,375,14227,43625
rajat04,1041,WorkingPrecisionResidualIR,"posit<32,2>",Quire,-6,325,14227,43625
rajat04,1041,WorkingPrecisionResidualIR,"posit<32,2>",Quire,-5,405,14227,43625
rajat04,1041,WorkingPrecisionResidualIR,"posit<32,2>",Quire,-4,900,14227,43625
rajat04,1041,WorkingPrecisionResidualIR,"posit<32,2>",Quire,-3,660,14227,43625
rajat04,1041,WorkingPrecisionResidualIR,"posit<32,2>",Quire,-2,5575,14227,43625
rajat04,1041,WorkingPrecisionResidualIR,"posit<32,2>",Quire,-1,19882,14227,43625
rajat04,1041,WorkingPrecisionResidualIR,"posit<32,2>",Quire,0,11643,14227,43625
rajat04,1041,WorkingPrecisionResidualIR,"posit<32,2>",Quire,1,2985,14227,43625
rajat04,1041,WorkingPrecisionResidualIR,"posit<32,2>",Quire,2,625,14227,43625
rajat04,1041,WorkingPrecisionResidualIR,"posit<32,2>",Quire,3,240,14227,43625
rajat04,1041,WorkingPrecisionResidualIR,"posit<32,2>",Quire,4,10,14227,43625
rajat04,1041,WorkingPrecisionResidualIR,"posit<64,3>",Plain,-7,1,10559,8725
rajat04,1041,WorkingPrecisionResidualIR,"posit<64,3>",Plain,-6,139,10559,8725
rajat04,1041,WorkingPrecisionResidualIR,"posit<64,3>",Plain,-5,81,10559,8725
rajat04,1041,WorkingPrecisionResidualIR,"posit<64,3>",Plain,-4,180,10559,8725
rajat04,1041,WorkingPrecisionResidualIR,"posit<64,3>",Plain,-3,132,10559,8725
rajat04,1041,WorkingPrecisionResidualIR,"posit<64,3>",Plain,-2,1115,10559,8725
rajat04,1041,WorkingPrecisionResidualIR,"posit<64,3>",Plain,-1,3989,10559,8725
rajat04,1041,WorkingPrecisionResidualIR,"posit<64,3>",Plain,0,2316,10559,8725
rajat04,1041,WorkingPrecisionResidualIR,"posit<64,3>",Plain,1,597,10559,8725
rajat04,1041,WorkingPrecisionResidualIR,"posit<64,3>",Plain,2,125,10559,8725
rajat04,1041,WorkingPrecisionResidualIR,"posit<64,3>",Plain,3,48,10559,8725
rajat04,1041,WorkingPrecisionResidualIR,"posit<64,3>",Plain,4,2,10559,8725
rajat04,1041,WorkingPrecisionResidualIR,"posit<64,3>",Quire,-7,1,10559,8725
rajat04,1041,WorkingPrecisionResidualIR,"posit<64,3>",Quire,-6,139,10559,8725
rajat04,1041,WorkingPrecisionResidualIR,"posit<64,3>",Quire,-5,81,10559,8725
rajat04,1041,WorkingPrecisionResidualIR,"posit<64,3>",Quire,-4,180,10559,8725
rajat04,1041,WorkingPrecisionResidualIR,"posit<64,3>",Quire,-3,132,10559,8725
rajat04,1041,WorkingPrecisionResidualIR,"posit<64,3>",Quire,-2,1115,10559,8725
rajat04,1041,WorkingPrecisionResidualIR,"posit<64,3>",Quire,-1,3989,10559,8725
rajat04,1041,WorkingPrecisionResidualIR,"posit<64,3>",Quire,0,2316,10559,8725
rajat04,1041,WorkingPrecisionResidualIR,"posit<64,3>",Quire,1,597,10559,8725
rajat04,1041,WorkingPrecisionResidualIR,"posit<64,3>",Quire,2,125,10559,8725
rajat04,1041,WorkingPrecisionResidualIR,"posit<64,3>",Quire,3,48,10559,8725
rajat04,1041,WorkingPrecisionResidualIR,"posit<64,3>",Quire,4,2,10559,8725
rajat12,1879,FactorAccumulatorIR,"posit<16,2>",Plain,-7,644,14330,166634
rajat12,1879,FactorAccumulatorIR,"posit<16,2>",Plain,-6,1251,14330,166634
rajat12,1879,FactorAccumulatorIR,"posit<16,2>",Plain,-5,5570,14330,166634
rajat12,1879,FactorAccumulatorIR,"posit<16,2>",Plain,-4,7250,14330,166634
rajat12,1879,FactorAccumulatorIR,"posit<16,2>",Plain,-3,41474,14330,166634
rajat12,1879,FactorAccumulatorIR,"posit<16,2>",Plain,-2,35628,14330,166634
rajat12,1879,FactorAccumulatorIR,"posit<16,2>",Plain,-1,38363,14330,166634
rajat12,1879,FactorAccumulatorIR,"posit<16,2>",Plain,0,36103,14330,166634
rajat12,1879,FactorAccumulatorIR,"posit<16,2>",Plain,1,286,14330,166634
rajat12,1879,FactorAccumulatorIR,"posit<16,2>",Plain,2,65,14330,166634
rajat12,1879,FactorAccumulatorIR,"posit<16,2>",Quire,-7,364,13790,102544
rajat12,1879,FactorAccumulatorIR,"posit<16,2>",Quire,-6,806,13790,102544
rajat12,1879,FactorAccumulatorIR,"posit<16,2>",Quire,-5,3410,13790,102544
rajat12,1879,FactorAccumulatorIR,"posit<16,2>",Quire,-4,4475,13790,102544
rajat12,1879,FactorAccumulatorIR,"posit<16,2>",Quire,-3,25515,13790,102544
rajat12,1879,FactorAccumulatorIR,"posit<16,2>",Quire,-2,21934,13790,102544
rajat12,1879,FactorAccumulatorIR,"posit<16,2>",Quire,-1,23604,13790,102544
rajat12,1879,FactorAccumulatorIR,"posit<16,2>",Quire,0,22220,13790,102544
rajat12,1879,FactorAccumulatorIR,"posit<16,2>",Quire,1,176,13790,102544
rajat12,1879,FactorAccumulatorIR,"posit<16,2>",Quire,2,40,13790,102544
rajat12,1879,FactorAccumulatorIR,"posit<32,2>",Plain,-7,111,13250,38454
rajat12,1879,FactorAccumulatorIR,"posit<32,2>",Plain,-6,317,13250,38454
rajat12,1879,FactorAccumulatorIR,"posit<32,2>",Plain,-5,1267,13250,38454
rajat12,1879,FactorAccumulatorIR,"posit<32,2>",Plain,-4,1701,13250,38454
rajat12,1879,FactorAccumulatorIR,"posit<32,2>",Plain,-3,9570,13250,38454
rajat12,1879,FactorAccumulatorIR,"posit<32,2>",Plain,-2,8223,13250,38454
rajat12,1879,FactorAccumulatorIR,"posit<32,2>",Plain,-1,8848,13250,38454
rajat12,1879,FactorAccumulatorIR,"posit<32,2>",Plain,0,8336,13250,38454
rajat12,1879,FactorAccumulatorIR,"posit<32,2>",Plain,1,66,13250,38454
rajat12,1879,FactorAccumulatorIR,"posit<32,2>",Plain,2,15,13250,38454
rajat12,1879,FactorAccumulatorIR,"posit<32,2>",Quire,-7,53,13142,25636
rajat12,1879,FactorAccumulatorIR,"posit<32,2>",Quire,-6,235,13142,25636
rajat12,1879,FactorAccumulatorIR,"posit<32,2>",Quire,-5,857,13142,25636
rajat12,1879,FactorAccumulatorIR,"posit<32,2>",Quire,-4,1119,13142,25636
rajat12,1879,FactorAccumulatorIR,"posit<32,2>",Quire,-3,6380,13142,25636
rajat12,1879,FactorAccumulatorIR,"posit<32,2>",Quire,-2,5482,13142,25636
rajat12,1879,FactorAccumulatorIR,"posit<32,2>",Quire,-1,5901,13142,25636
rajat12,1879,FactorAccumulatorIR,"posit<32,2>",Quire,0,5555,13142,25636
rajat12,1879,FactorAccumulatorIR,"posit<32,2>",Quire,1,44,13142,25636
rajat12,1879,FactorAccumulatorIR,"posit<32,2>",Quire,2,10,13142,25636
rajat12,1879,WorkingPrecisionResidualIR,"posit<32,2>",Plain,-7,373,13682,89726
rajat12,1879,WorkingPrecisionResidualIR,"posit<32,2>",Plain,-6,704,13682,89726
rajat12,1879,WorkingPrecisionResidualIR,"posit<32,2>",Plain,-5,2893,13682,89726
rajat12,1879,WorkingPrecisionResidualIR,"posit<32,2>",Plain,-4,3954,13682,89726
rajat12,1879,WorkingPrecisionResidualIR,"posit<32,2>",Plain,-3,22330,13682,89726
rajat12,1879,WorkingPrecisionResidualIR,"posit<32,2>",Plain,-2,19187,13682,89726
rajat12,1879,WorkingPrecisionResidualIR,"posit<32,2>",Plain,-1,20644,13682,89726
rajat12,1879,WorkingPrecisionResidualIR,"posit<32,2>",Plain,0,19452,13682,89726
rajat12,1879,WorkingPrecisionResidualIR,"posit<32,2>",Plain,1,154,13682,89726
rajat12,1879,WorkingPrecisionResidualIR,"posit<32,2>",Plain,2,35,13682,89726
rajat12,1879,WorkingPrecisionResidualIR,"posit<32,2>",Quire,-7,370,13466,64090
rajat12,1879,WorkingPrecisionResidualIR,"posit<32,2>",Quire,-6,407,13466,64090
rajat12,1879,WorkingPrecisionResidualIR,"posit<32,2>",Quire,-5,2108,13466,64090
rajat12,1879,WorkingPrecisionResidualIR,"posit<32,2>",Quire,-4,2775,13466,64090
rajat12,1879,WorkingPrecisionResidualIR,"posit<32,2>",Quire,-3,15950,13466,64090
rajat12,1879,WorkingPrecisionResidualIR,"posit<32,2>",Quire,-2,13705,13466,64090
rajat12,1879,WorkingPrecisionResidualIR,"posit<32,2>",Quire,-1,14746,13466,64090
rajat12,1879,WorkingPrecisionResidualIR,"posit<32,2>",Quire,0,13894,13466,64090
rajat12,1879,WorkingPrecisionResidualIR,"posit<32,2>",Quire,1,110,13466,64090
rajat12,1879,WorkingPrecisionResidualIR,"posit<32,2>",Quire,2,25,13466,64090
rajat12,1879,WorkingPrecisionResidualIR,"posit<64,3>",Plain,-7,32,13034,12818
rajat12,1879,WorkingPrecisionResidualIR,"posit<64,3>",Plain,-6,108,13034,12818
rajat12,1879,WorkingPrecisionResidualIR,"posit<64,3>",Plain,-5,440,13034,12818
rajat12,1879,WorkingPrecisionResidualIR,"posit<64,3>",Plain,-4,552,13034,12818
rajat12,1879,WorkingPrecisionResidualIR,"posit<64,3>",Plain,-3,3190,13034,12818
rajat12,1879,WorkingPrecisionResidualIR,"posit<64,3>",Plain,-2,2741,13034,12818
rajat12,1879,WorkingPrecisionResidualIR,"posit<64,3>",Plain,-1,2950,13034,12818
rajat12,1879,WorkingPrecisionResidualIR,"posit<64,3>",Plain,0,2778,13034,12818
rajat12,1879,WorkingPrecisionResidualIR,"posit<64,3>",Plain,1,22,13034,12818
rajat12,1879,WorkingPrecisionResidualIR,"posit<64,3>",Plain,2,5,13034,12818
rajat12,1879,WorkingPrecisionResidualIR,"posit<64,3>",Quire,-7,32,13034,12818
rajat12,1879,WorkingPrecisionResidualIR,"posit<64,3>",Quire,-6,108,13034,12818
rajat12,1879,WorkingPrecisionResidualIR,"posit<64,3>",Quire,-5,440,13034,12818
rajat12,1879,WorkingPrecisionResidualIR,"posit<64,3>",Quire,-4,552,13034,12818
rajat12,1879,WorkingPrecisionResidualIR,"posit<64,3>",Quire,-3,3190,13034,12818
rajat12,1879,WorkingPrecisionResidualIR,"posit<64,3>",Quire,-2,2741,13034,12818
rajat12,1879,WorkingPrecisionResidualIR,"posit<64,3>",Quire,-1,2950,13034,12818
rajat12,1879,WorkingPrecisionResidualIR,"posit<64,3>",Quire,0,2778,13034,12818
rajat12,1879,WorkingPrecisionResidualIR,"posit<64,3>",Quire,1,22,13034,12818
rajat12,1879,WorkingPrecisionResidualIR,"posit<64,3>",Quire,2,5,13034,12818
add20,2395,FactorAccumulatorIR,"posit<16,2>",Plain,-13,58,38159,65755
add20,2395,FactorAccumulatorIR,"posit<16,2>",Plain,-12,1139,38159,65755
add20,2395,FactorAccumulatorIR,"posit<16,2>",Plain,-11,450,38159,65755
add20,2395,FactorAccumulatorIR,"posit<16,2>",Plain,-10,1727,38159,65755
add20,2395,FactorAccumulatorIR,"posit<16,2>",Plain,-9,1242,38159,65755
add20,2395,FactorAccumulatorIR,"posit<16,2>",Plain,-8,192,38159,65755
add20,2395,FactorAccumulatorIR,"posit<16,2>",Plain,-7,4604,38159,65755
add20,2395,FactorAccumulatorIR,"posit<16,2>",Plain,-6,10620,38159,65755
add20,2395,FactorAccumulatorIR,"posit<16,2>",Plain,-5,12277,38159,65755
add20,2395,FactorAccumulatorIR,"posit<16,2>",Plain,-4,8330,38159,65755
add20,2395,FactorAccumulatorIR,"posit<16,2>",Plain,-3,1271,38159,65755
add20,2395,FactorAccumulatorIR,"posit<16,2>",Plain,-2,11029,38159,65755
add20,2395,FactorAccumulatorIR,"posit<16,2>",Plain,-1,12690,38159,65755
add20,2395,FactorAccumulatorIR,"posit<16,2>",Plain,0,126,38159,65755
add20,2395,FactorAccumulatorIR,"posit<16,2>",Quire,-13,45,33991,52604
add20,2395,FactorAccumulatorIR,"posit<16,2>",Quire,-12,907,33991,52604
add20,2395,FactorAccumulatorIR,"posit<16,2>",Quire,-11,369,33991,52604
add20,2395,FactorAccumulatorIR,"posit<16,2>",Quire,-10,1371,33991,52604
add20,2395,FactorAccumulatorIR,"posit<16,2>",Quire,-9,996,33991,52604
add20,2395,FactorAccumulatorIR,"posit<16,2>",Quire,-8,158,33991,52604
add20,2395,FactorAccumulatorIR,"posit<16,2>",Quire,-7,3626,33991,52604
add20,2395,FactorAccumulatorIR,"posit<16,2>",Quire,-6,8549,33991,52604
add20,2395,FactorAccumulatorIR,"posit<16,2>",Quire,-5,9848,33991,52604
add20,2395,FactorAccumulatorIR,"posit<16,2>",Quire,-4,6649,33991,52604
add20,2395,FactorAccumulatorIR,"posit<16,2>",Quire,-3,1010,33991,52604
add20,2395,FactorAccumulatorIR,"posit<16,2>",Quire,-2,8968,33991,52604
add20,2395,FactorAccumulatorIR,"posit<16,2>",Quire,-1,10009,33991,52604
add20,2395,FactorAccumulatorIR,"posit<16,2>",Quire,0,83,33991,52604
add20,2395,FactorAccumulatorIR,"posit<16,2>",Quire,1,16,33991,52604
add20,2395,FactorAccumulatorIR,"posit<32,2>",Plain,-13,36,29823,39453
add20,2395,FactorAccumulatorIR,"posit<32,2>",Plain,-12,675,29823,39453
add20,2395,FactorAccumulatorIR,"posit<32,2>",Plain,-11,291,29823,39453
add20,2395,FactorAccumulatorIR,"posit<32,2>",Plain,-10,1032,29823,39453
add20,2395,FactorAccumulatorIR,"posit<32,2>",Plain,-9,732,29823,39453
add20,2395,FactorAccumulatorIR,"posit<32,2>",Plain,-8,132,29823,39453
add20,2395,FactorAccumulatorIR,"posit<32,2>",Plain,-7,3594,29823,39453
add20,2395,FactorAccumulatorIR,"posit<32,2>",Plain,-6,5562,29823,39453
add20,2395,FactorAccumulatorIR,"posit<32,2>",Plain,-5,7362,29823,39453
add20,2395,FactorAccumulatorIR,"posit<32,2>",Plain,-4,4980,29823,39453
add20,2395,FactorAccumulatorIR,"posit<32,2>",Plain,-3,750,29823,39453
add20,2395,FactorAccumulatorIR,"posit<32,2>",Plain,-2,6390,29823,39453
add20,2395,FactorAccumulatorIR,"posit<32,2>",Plain,-1,7917,29823,39453
add20,2395,FactorAccumulatorIR,"posit<32,2>",Quire,-13,36,29823,39453
add20,2395,FactorAccumulatorIR,"posit<32,2>",Quire,-12,675,29823,39453
add20,2395,FactorAccumulatorIR,"posit<32,2>",Quire,-11,291,29823,39453
add20,2395,FactorAccumulatorIR,"posit<32,2>",Quire,-10,1032,29823,39453
add20,2395,FactorAccumulatorIR,"posit<32,2>",Quire,-9,732,29823,39453
add20,2395,FactorAccumulatorIR,"posit<32,2>",Quire,-8,132,29823,39453
add20,2395,FactorAccumulatorIR,"posit<32,2>",Quire,-7,3594,29823,39453
add20,2395,FactorAccumulatorIR,"posit<32,2>",Quire,-6,5562,29823,39453
add20,2395,FactorAccumulatorIR,"posit<32,2>",Quire,-5,7362,29823,39453
add20,2395,FactorAccumulatorIR,"posit<32,2>",Quire,-4,4980,29823,39453
add20,2395,FactorAccumulatorIR,"posit<32,2>",Quire,-3,750,29823,39453
add20,2395,FactorAccumulatorIR,"posit<32,2>",Quire,-2,6390,29823,39453
add20,2395,FactorAccumulatorIR,"posit<32,2>",Quire,-1,7917,29823,39453
add20,2395,WorkingPrecisionResidualIR,"posit<32,2>",Plain,-13,60,38159,65755
add20,2395,WorkingPrecisionResidualIR,"posit<32,2>",Plain,-12,1125,38159,65755
add20,2395,WorkingPrecisionResidualIR,"posit<32,2>",Plain,-11,485,38159,65755
add20,2395,WorkingPrecisionResidualIR,"posit<32,2>",Plain,-10,1720,38159,65755
add20,2395,WorkingPrecisionResidualIR,"posit<32,2>",Plain,-9,1220,38159,65755
add20,2395,WorkingPrecisionResidualIR,"posit<32,2>",Plain,-8,220,38159,65755
add20,2395,WorkingPrecisionResidualIR,"posit<32,2>",Plain,-7,5990,38159,65755
add20,2395,WorkingPrecisionResidualIR,"posit<32,2>",Plain,-6,9270,38159,65755
add20,2395,WorkingPrecisionResidualIR,"posit<32,2>",Plain,-5,12270,38159,65755
add20,2395,WorkingPrecisionResidualIR,"posit<32,2>",Plain,-4,8300,38159,65755
add20,2395,WorkingPrecisionResidualIR,"posit<32,2>",Plain,-3,1250,38159,65755
add20,2395,WorkingPrecisionResidualIR,"posit<32,2>",Plain,-2,10650,38159,65755
add20,2395,WorkingPrecisionResidualIR,"posit<32,2>",Plain,-1,13195,38159,65755
add20,2395,WorkingPrecisionResidualIR,"posit<32,2>",Quire,-13,72,42327,78906
add20,2395,WorkingPrecisionResidualIR,"posit<32,2>",Quire,-12,1350,42327,78906
add20,2395,WorkingPrecisionResidualIR,"posit<32,2>",Quire,-11,582,42327,78906
add20,2395,WorkingPrecisionResidualIR,"posit<32,2>",Quire,-10,2064,42327,78906
add20,2395,WorkingPrecisionResidualIR,"posit<32,2>",Quire,-9,1464,42327,78906
add20,2395,WorkingPrecisionResidualIR,"posit<32,2>",Quire,-8,264,42327,78906
add20,2395,WorkingPrecisionResidualIR,"posit<32,2>",Quire,-7,7188,42327,78906
add20,2395,WorkingPrecisionResidualIR,"posit<32,2>",Quire,-6,11124,42327,78906
add20,2395,WorkingPrecisionResidualIR,"posit<32,2>",Quire,-5,14724,42327,78906
add20,2395,WorkingPrecisionResidualIR,"posit<32,2>",Quire,-4,9960,42327,78906
add20,2395,WorkingPrecisionResidualIR,"posit<32,2>",Quire,-3,1500,42327,78906
add20,2395,WorkingPrecisionResidualIR,"posit<32,2>",Quire,-2,12780,42327,78906
add20,2395,WorkingPrecisionResidualIR,"posit<32,2>",Quire,-1,15834,42327,78906
add20,2395,WorkingPrecisionResidualIR,"posit<64,3>",Plain,-13,12,21487,13151
add20,2395,WorkingPrecisionResidualIR,"posit<64,3>",Plain,-12,225,21487,13151
add20,2395,WorkingPrecisionResidualIR,"posit<64,3>",Plain,-11,97,21487,13151
add20,2395,WorkingPrecisionResidualIR,"posit<64,3>",Plain,-10,344,21487,13151
add20,2395,WorkingPrecisionResidualIR,"posit<64,3>",Plain,-9,244,21487,13151
add20,2395,WorkingPrecisionResidualIR,"posit<64,3>",Plain,-8,44,21487,13151
add20,2395,WorkingPrecisionResidualIR,"posit<64,3>",Plain,-7,1198,21487,13151
add20,2395,WorkingPrecisionResidualIR,"posit<64,3>",Plain,-6,1854,21487,13151
add20,2395,WorkingPrecisionResidualIR,"posit<64,3>",Plain,-5,2454,21487,13151
add20,2395,WorkingPrecisionResidualIR,"posit<64,3>",Plain,-4,1660,21487,13151
add20,2395,WorkingPrecisionResidualIR,"posit<64,3>",Plain,-3,250,21487,13151
add20,2395,WorkingPrecisionResidualIR,"posit<64,3>",Plain,-2,2130,21487,13151
add20,2395,WorkingPrecisionResidualIR,"posit<64,3>",Plain,-1,2639,21487,13151
add20,2395,WorkingPrecisionResidualIR,"posit<64,3>",Quire,-13,12,21487,13151
add20,2395,WorkingPrecisionResidualIR,"posit<64,3>",Quire,-12,225,21487,13151
add20,2395,WorkingPrecisionResidualIR,"posit<64,3>",Quire,-11,97,21487,13151
add20,2395,WorkingPrecisionResidualIR,"posit<64,3>",Quire,-10,344,21487,13151
add20,2395,WorkingPrecisionResidualIR,"posit<64,3>",Quire,-9,244,21487,13151
add20,2395,WorkingPrecisionResidualIR,"posit<64,3>",Quire,-8,44,21487,13151
add20,2395,WorkingPrecisionResidualIR,"posit<64,3>",Quire,-7,1198,21487,13151
add20,2395,WorkingPrecisionResidualIR,"posit<64,3>",Quire,-6,1854,21487,13151
add20,2395,WorkingPrecisionResidualIR,"posit<64,3>",Quire,-5,2454,21487,13151
add20,2395,WorkingPrecisionResidualIR,"posit<64,3>",Quire,-4,1660,21487,13151
add20,2395,WorkingPrecisionResidualIR,"posit<64,3>",Quire,-3,250,21487,13151
add20,2395,WorkingPrecisionResidualIR,"posit<64,3>",Quire,-2,2130,21487,13151
add20,2395,WorkingPrecisionResidualIR,"posit<64,3>",Quire,-1,2639,21487,13151
add32,4960,FactorAccumulatorIR,"posit<16,2>",Plain,-38,20,104604,396960
add32,4960,FactorAccumulatorIR,"posit<16,2>",Plain,-20,20,104604,396960
add32,4960,FactorAccumulatorIR,"posit<16,2>",Plain,-19,40,104604,396960
add32,4960,FactorAccumulatorIR,"posit<16,2>",Plain,-17,40,104604,396960
add32,4960,FactorAccumulatorIR,"posit<16,2>",Plain,-12,7200,104604,396960
add32,4960,FactorAccumulatorIR,"posit<16,2>",Plain,-11,700,104604,396960
add32,4960,FactorAccumulatorIR,"posit<16,2>",Plain,-10,10040,104604,396960
add32,4960,FactorAccumulatorIR,"posit<16,2>",Plain,-9,1100,104604,396960
add32,4960,FactorAccumulatorIR,"posit<16,2>",Plain,-8,8720,104604,396960
add32,4960,FactorAccumulatorIR,"posit<16,2>",Plain,-7,3980,104604,396960
add32,4960,FactorAccumulatorIR,"posit<16,2>",Plain,-6,8380,104604,396960
add32,4960,FactorAccumulatorIR,"posit<16,2>",Plain,-5,2280,104604,396960
add32,4960,FactorAccumulatorIR,"posit<16,2>",Plain,-4,147862,104604,396960
add32,4960,FactorAccumulatorIR,"posit<16,2>",Plain,-3,99698,104604,396960
add32,4960,FactorAccumulatorIR,"posit<16,2>",Plain,-2,106880,104604,396960
add32,4960,FactorAccumulatorIR,"posit<16,2>",Quire,-38,15,84424,297720
add32,4960,FactorAccumulatorIR,"posit<16,2>",Quire,-20,15,84424,297720
add32,4960,FactorAccumulatorIR,"posit<16,2>",Quire,-19,30,84424,297720
add32,4960,FactorAccumulatorIR,"posit<16,2>",Quire,-17,30,84424,297720
add32,4960,FactorAccumulatorIR,"posit<16,2>",Quire,-12,5400,84424,297720
add32,4960,FactorAccumulatorIR,"posit<16,2>",Quire,-11,525,84424,297720
add32,4960,FactorAccumulatorIR,"posit<16,2>",Quire,-10,7530,84424,297720
add32,4960,FactorAccumulatorIR,"posit<16,2>",Quire,-9,825,84424,297720
add32,4960,FactorAccumulatorIR,"posit<16,2>",Quire,-8,6540,84424,297720
add32,4960,FactorAccumulatorIR,"posit<16,2>",Quire,-7,2985,84424,297720
add32,4960,FactorAccumulatorIR,"posit<16,2>",Quire,-6,6285,84424,297720
add32,4960,FactorAccumulatorIR,"posit<16,2>",Quire,-5,1710,84424,297720
add32,4960,FactorAccumulatorIR,"posit<16,2>",Quire,-4,110897,84424,297720
add32,4960,FactorAccumulatorIR,"posit<16,2>",Quire,-3,74773,84424,297720
add32,4960,FactorAccumulatorIR,"posit<16,2>",Quire,-2,80160,84424,297720
add32,4960,FactorAccumulatorIR,"posit<32,2>",Plain,-38,2,31956,39696
add32,4960,FactorAccumulatorIR,"posit<32,2>",Plain,-20,2,31956,39696
add32,4960,FactorAccumulatorIR,"posit<32,2>",Plain,-19,4,31956,39696
add32,4960,FactorAccumulatorIR,"posit<32,2>",Plain,-17,4,31956,39696
add32,4960,FactorAccumulatorIR,"posit<32,2>",Plain,-12,720,31956,39696
add32,4960,FactorAccumulatorIR,"posit<32,2>",Plain,-11,70,31956,39696
add32,4960,FactorAccumulatorIR,"posit<32,2>",Plain,-10,1004,31956,39696
add32,4960,FactorAccumulatorIR,"posit<32,2>",Plain,-9,110,31956,39696
add32,4960,FactorAccumulatorIR,"posit<32,2>",Plain,-8,872,31956,39696
add32,4960,FactorAccumulatorIR,"posit<32,2>",Plain,-7,398,31956,39696
add32,4960,FactorAccumulatorIR,"posit<32,2>",Plain,-6,838,31956,39696
add32,4960,FactorAccumulatorIR,"posit<32,2>",Plain,-5,228,31956,39696
add32,4960,FactorAccumulatorIR,"posit<32,2>",Plain,-4,14786,31956,39696
add32,4960,FactorAccumulatorIR,"posit<32,2>",Plain,-3,9970,31956,39696
add32,4960,FactorAccumulatorIR,"posit<32,2>",Plain,-2,10688,31956,39696
add32,4960,FactorAccumulatorIR,"posit<32,2>",Quire,-38,2,31956,39696
add32,4960,FactorAccumulatorIR,"posit<32,2>",Quire,-20,2,31956,39696
add32,4960,FactorAccumulatorIR,"posit<32,2>",Quire,-19,4,31956,39696
add32,4960,FactorAccumulatorIR,"posit<32,2>",Quire,-17,4,31956,39696
add32,4960,FactorAccumulatorIR,"posit<32,2>",Quire,-12,720,31956,39696
add32,4960,FactorAccumulatorIR,"posit<32,2>",Quire,-11,70,31956,39696
add32,4960,FactorAccumulatorIR,"posit<32,2>",Quire,-10,1004,31956,39696
add32,4960,FactorAccumulatorIR,"posit<32,2>",Quire,-9,110,31956,39696
add32,4960,FactorAccumulatorIR,"posit<32,2>",Quire,-8,872,31956,39696
add32,4960,FactorAccumulatorIR,"posit<32,2>",Quire,-7,398,31956,39696
add32,4960,FactorAccumulatorIR,"posit<32,2>",Quire,-6,838,31956,39696
add32,4960,FactorAccumulatorIR,"posit<32,2>",Quire,-5,228,31956,39696
add32,4960,FactorAccumulatorIR,"posit<32,2>",Quire,-4,14786,31956,39696
add32,4960,FactorAccumulatorIR,"posit<32,2>",Quire,-3,9970,31956,39696
add32,4960,FactorAccumulatorIR,"posit<32,2>",Quire,-2,10688,31956,39696
add32,4960,WorkingPrecisionResidualIR,"posit<32,2>",Plain,-37,5,44064,99240
add32,4960,WorkingPrecisionResidualIR,"posit<32,2>",Plain,-20,5,44064,99240
add32,4960,WorkingPrecisionResidualIR,"posit<32,2>",Plain,-19,10,44064,99240
add32,4960,WorkingPrecisionResidualIR,"posit<32,2>",Plain,-17,10,44064,99240
add32,4960,WorkingPrecisionResidualIR,"posit<32,2>",Plain,-12,1800,44064,99240
add32,4960,WorkingPrecisionResidualIR,"posit<32,2>",Plain,-11,175,44064,99240
add32,4960,WorkingPrecisionResidualIR,"posit<32,2>",Plain,-10,2510,44064,99240
add32,4960,WorkingPrecisionResidualIR,"posit<32,2>",Plain,-9,275,44064,99240
add32,4960,WorkingPrecisionResidualIR,"posit<32,2>",Plain,-8,2180,44064,99240
add32,4960,WorkingPrecisionResidualIR,"posit<32,2>",Plain,-7,995,44064,99240
add32,4960,WorkingPrecisionResidualIR,"posit<32,2>",Plain,-6,2095,44064,99240
add32,4960,WorkingPrecisionResidualIR,"posit<32,2>",Plain,-5,570,44064,99240
add32,4960,WorkingPrecisionResidualIR,"posit<32,2>",Plain,-4,36965,44064,99240
add32,4960,WorkingPrecisionResidualIR,"posit<32,2>",Plain,-3,24925,44064,99240
add32,4960,WorkingPrecisionResidualIR,"posit<32,2>",Plain,-2,26720,44064,99240
add32,4960,WorkingPrecisionResidualIR,"posit<32,2>",Quire,-37,5,44064,99240
add32,4960,WorkingPrecisionResidualIR,"posit<32,2>",Quire,-20,5,44064,99240
add32,4960,WorkingPrecisionResidualIR,"posit<32,2>",Quire,-19,10,44064,99240
add32,4960,WorkingPrecisionResidualIR,"posit<32,2>",Quire,-17,10,44064,99240
add32,4960,WorkingPrecisionResidualIR,"posit<32,2>",Quire,-12,1800,44064,99240
add32,4960,WorkingPrecisionResidualIR,"posit<32,2>",Quire,-11,175,44064,99240
add32,4960,WorkingPrecisionResidualIR,"posit<32,2>",Quire,-10,2510,44064,99240
add32,4960,WorkingPrecisionResidualIR,"posit<32,2>",Quire,-9,275,44064,99240
add32,4960,WorkingPrecisionResidualIR,"posit<32,2>",Quire,-8,2180,44064,99240
add32,4960,WorkingPrecisionResidualIR,"posit<32,2>",Quire,-7,995,44064,99240
add32,4960,WorkingPrecisionResidualIR,"posit<32,2>",Quire,-6,2095,44064,99240
add32,4960,WorkingPrecisionResidualIR,"posit<32,2>",Quire,-5,570,44064,99240
add32,4960,WorkingPrecisionResidualIR,"posit<32,2>",Quire,-4,36965,44064,99240
add32,4960,WorkingPrecisionResidualIR,"posit<32,2>",Quire,-3,24925,44064,99240
add32,4960,WorkingPrecisionResidualIR,"posit<32,2>",Quire,-2,26720,44064,99240
add32,4960,WorkingPrecisionResidualIR,"posit<64,3>",Plain,-38,1,27920,19848
add32,4960,WorkingPrecisionResidualIR,"posit<64,3>",Plain,-20,1,27920,19848
add32,4960,WorkingPrecisionResidualIR,"posit<64,3>",Plain,-19,2,27920,19848
add32,4960,WorkingPrecisionResidualIR,"posit<64,3>",Plain,-17,2,27920,19848
add32,4960,WorkingPrecisionResidualIR,"posit<64,3>",Plain,-12,360,27920,19848
add32,4960,WorkingPrecisionResidualIR,"posit<64,3>",Plain,-11,35,27920,19848
add32,4960,WorkingPrecisionResidualIR,"posit<64,3>",Plain,-10,502,27920,19848
add32,4960,WorkingPrecisionResidualIR,"posit<64,3>",Plain,-9,55,27920,19848
add32,4960,WorkingPrecisionResidualIR,"posit<64,3>",Plain,-8,436,27920,19848
add32,4960,WorkingPrecisionResidualIR,"posit<64,3>",Plain,-7,199,27920,19848
add32,4960,WorkingPrecisionResidualIR,"posit<64,3>",Plain,-6,419,27920,19848
add32,4960,WorkingPrecisionResidualIR,"posit<64,3>",Plain,-5,114,27920,19848
add32,4960,WorkingPrecisionResidualIR,"posit<64,3>",Plain,-4,7393,27920,19848
add32,4960,WorkingPrecisionResidualIR,"posit<64,3>",Plain,-3,4985,27920,19848
add32,4960,WorkingPrecisionResidualIR,"posit<64,3>",Plain,-2,5344,27920,19848
add32,4960,WorkingPrecisionResidualIR,"posit<64,3>",Quire,-38,1,27920,19848
add32,4960,WorkingPrecisionResidualIR,"posit<64,3>",Quire,-20,1,27920,19848
add32,4960,WorkingPrecisionResidualIR,"posit<64,3>",Quire,-19,2,27920,19848
add32,4960,WorkingPrecisionResidualIR,"posit<64,3>",Quire,-17,2,27920,19848
add32,4960,WorkingPrecisionResidualIR,"posit<64,3>",Quire,-12,360,27920,19848
add32,4960,WorkingPrecisionResidualIR,"posit<64,3>",Quire,-11,35,27920,19848
add32,4960,WorkingPrecisionResidualIR,"posit<64,3>",Quire,-10,502,27920,19848
add32,4960,WorkingPrecisionResidualIR,"posit<64,3>",Quire,-9,55,27920,19848
add32,4960,WorkingPrecisionResidualIR,"posit<64,3>",Quire,-8,436,27920,19848
add32,4960,WorkingPrecisionResidualIR,"posit<64,3>",Quire,-7,199,27920,19848
add32,4960,WorkingPrecisionResidualIR,"posit<64,3>",Quire,-6,419,27920,19848
add32,4960,WorkingPrecisionResidualIR,"posit<64,3>",Quire,-5,114,27920,19848
add32,4960,WorkingPrecisionResidualIR,"posit<64,3>",Quire,-4,7393,27920,19848
add32,4960,WorkingPrecisionResidualIR,"posit<64,3>",Quire,-3,4985,27920,19848
add32,4960,WorkingPrecisionResidualIR,"posit<64,3>",Quire,-2,5344,27920,19848
rajat13,7598,FactorAccumulatorIR,"posit<16,2>",Plain,-4,160,50202,390096
rajat13,7598,FactorAccumulatorIR,"posit<16,2>",Plain,-3,704,50202,390096
rajat13,7598,FactorAccumulatorIR,"posit<16,2>",Plain,-2,55544,50202,390096
rajat13,7598,FactorAccumulatorIR,"posit<16,2>",Plain,-1,43576,50202,390096
rajat13,7598,FactorAccumulatorIR,"posit<16,2>",Plain,0,195556,50202,390096
rajat13,7598,FactorAccumulatorIR,"posit<16,2>",Plain,1,91226,50202,390096
rajat13,7598,FactorAccumulatorIR,"posit<16,2>",Plain,2,2385,50202,390096
rajat13,7598,FactorAccumulatorIR,"posit<16,2>",Plain,3,233,50202,390096
rajat13,7598,FactorAccumulatorIR,"posit<16,2>",Plain,4,440,50202,390096
rajat13,7598,FactorAccumulatorIR,"posit<16,2>",Plain,5,272,50202,390096
rajat13,7598,FactorAccumulatorIR,"posit<16,2>",Quire,-4,100,49722,243810
rajat13,7598,FactorAccumulatorIR,"posit<16,2>",Quire,-3,440,49722,243810
rajat13,7598,FactorAccumulatorIR,"posit<16,2>",Quire,-2,34715,49722,243810
rajat13,7598,FactorAccumulatorIR,"posit<16,2>",Quire,-1,27229,49722,243810
rajat13,7598,FactorAccumulatorIR,"posit<16,2>",Quire,0,122228,49722,243810
rajat13,7598,FactorAccumulatorIR,"posit<16,2>",Quire,1,57016,49722,243810
rajat13,7598,FactorAccumulatorIR,"posit<16,2>",Quire,2,1492,49722,243810
rajat13,7598,FactorAccumulatorIR,"posit<16,2>",Quire,3,145,49722,243810
rajat13,7598,FactorAccumulatorIR,"posit<16,2>",Quire,4,275,49722,243810
rajat13,7598,FactorAccumulatorIR,"posit<16,2>",Quire,5,170,49722,243810
rajat13,7598,FactorAccumulatorIR,"posit<32,2>",Plain,-4,60,49402,146286
rajat13,7598,FactorAccumulatorIR,"posit<32,2>",Plain,-3,264,49402,146286
rajat13,7598,FactorAccumulatorIR,"posit<32,2>",Plain,-2,20829,49402,146286
rajat13,7598,FactorAccumulatorIR,"posit<32,2>",Plain,-1,16341,49402,146286
rajat13,7598,FactorAccumulatorIR,"posit<32,2>",Plain,0,73335,49402,146286
rajat13,7598,FactorAccumulatorIR,"posit<32,2>",Plain,1,34209,49402,146286
rajat13,7598,FactorAccumulatorIR,"posit<32,2>",Plain,2,894,49402,146286
rajat13,7598,FactorAccumulatorIR,"posit<32,2>",Plain,3,87,49402,146286
rajat13,7598,FactorAccumulatorIR,"posit<32,2>",Plain,4,165,49402,146286
rajat13,7598,FactorAccumulatorIR,"posit<32,2>",Plain,5,102,49402,146286
rajat13,7598,FactorAccumulatorIR,"posit<32,2>",Quire,-4,40,49242,97524
rajat13,7598,FactorAccumulatorIR,"posit<32,2>",Quire,-3,176,49242,97524
rajat13,7598,FactorAccumulatorIR,"posit<32,2>",Quire,-2,13886,49242,97524
rajat13,7598,FactorAccumulatorIR,"posit<32,2>",Quire,-1,10895,49242,97524
rajat13,7598,FactorAccumulatorIR,"posit<32,2>",Quire,0,48889,49242,97524
rajat13,7598,FactorAccumulatorIR,"posit<32,2>",Quire,1,22806,49242,97524
rajat13,7598,FactorAccumulatorIR,"posit<32,2>",Quire,2,596,49242,97524
rajat13,7598,FactorAccumulatorIR,"posit<32,2>",Quire,3,58,49242,97524
rajat13,7598,FactorAccumulatorIR,"posit<32,2>",Quire,4,110,49242,97524
rajat13,7598,FactorAccumulatorIR,"posit<32,2>",Quire,5,68,49242,97524
rajat13,7598,WorkingPrecisionResidualIR,"posit<32,2>",Plain,-4,160,50202,390096
rajat13,7598,WorkingPrecisionResidualIR,"posit<32,2>",Plain,-3,704,50202,390096
rajat13,7598,WorkingPrecisionResidualIR,"posit<32,2>",Plain,-2,55544,50202,390096
rajat13,7598,WorkingPrecisionResidualIR,"posit<32,2>",Plain,-1,43583,50202,390096
rajat13,7598,WorkingPrecisionResidualIR,"posit<32,2>",Plain,0,195553,50202,390096
rajat13,7598,WorkingPrecisionResidualIR,"posit<32,2>",Plain,1,91224,50202,390096
rajat13,7598,WorkingPrecisionResidualIR,"posit<32,2>",Plain,2,2384,50202,390096
rajat13,7598,WorkingPrecisionResidualIR,"posit<32,2>",Plain,3,232,50202,390096
rajat13,7598,WorkingPrecisionResidualIR,"posit<32,2>",Plain,4,440,50202,390096
rajat13,7598,WorkingPrecisionResidualIR,"posit<32,2>",Plain,5,272,50202,390096
rajat13,7598,WorkingPrecisionResidualIR,"posit<32,2>",Quire,-4,100,49722,243810
rajat13,7598,WorkingPrecisionResidualIR,"posit<32,2>",Quire,-3,440,49722,243810
rajat13,7598,WorkingPrecisionResidualIR,"posit<32,2>",Quire,-2,34715,49722,243810
rajat13,7598,WorkingPrecisionResidualIR,"posit<32,2>",Quire,-1,27239,49722,243810
rajat13,7598,WorkingPrecisionResidualIR,"posit<32,2>",Quire,0,122221,49722,243810
rajat13,7598,WorkingPrecisionResidualIR,"posit<32,2>",Quire,1,57015,49722,243810
rajat13,7598,WorkingPrecisionResidualIR,"posit<32,2>",Quire,2,1490,49722,243810
rajat13,7598,WorkingPrecisionResidualIR,"posit<32,2>",Quire,3,145,49722,243810
rajat13,7598,WorkingPrecisionResidualIR,"posit<32,2>",Quire,4,275,49722,243810
rajat13,7598,WorkingPrecisionResidualIR,"posit<32,2>",Quire,5,170,49722,243810
rajat13,7598,WorkingPrecisionResidualIR,"posit<64,3>",Plain,-4,20,49082,48762
rajat13,7598,WorkingPrecisionResidualIR,"posit<64,3>",Plain,-3,88,49082,48762
rajat13,7598,WorkingPrecisionResidualIR,"posit<64,3>",Plain,-2,6943,49082,48762
rajat13,7598,WorkingPrecisionResidualIR,"posit<64,3>",Plain,-1,5448,49082,48762
rajat13,7598,WorkingPrecisionResidualIR,"posit<64,3>",Plain,0,24444,49082,48762
rajat13,7598,WorkingPrecisionResidualIR,"posit<64,3>",Plain,1,11403,49082,48762
rajat13,7598,WorkingPrecisionResidualIR,"posit<64,3>",Plain,2,298,49082,48762
rajat13,7598,WorkingPrecisionResidualIR,"posit<64,3>",Plain,3,29,49082,48762
rajat13,7598,WorkingPrecisionResidualIR,"posit<64,3>",Plain,4,55,49082,48762
rajat13,7598,WorkingPrecisionResidualIR,"posit<64,3>",Plain,5,34,49082,48762
rajat13,7598,WorkingPrecisionResidualIR,"posit<64,3>",Quire,-4,20,49082,48762
rajat13,7598,WorkingPrecisionResidualIR,"posit<64,3>",Quire,-3,88,49082,48762
rajat13,7598,WorkingPrecisionResidualIR,"posit<64,3>",Quire,-2,6943,49082,48762
rajat13,7598,WorkingPrecisionResidualIR,"posit<64,3>",Quire,-1,5448,49082,48762
rajat13,7598,WorkingPrecisionResidualIR,"posit<64,3>",Quire,0,24444,49082,48762
rajat13,7598,WorkingPrecisionResidualIR,"posit<64,3>",Quire,1,11403,49082,48762
rajat13,7598,WorkingPrecisionResidualIR,"posit<64,3>",Quire,2,298,49082,48762
rajat13,7598,WorkingPrecisionResidualIR,"posit<64,3>",Quire,3,29,49082,48762
rajat13,7598,WorkingPrecisionResidualIR,"posit<64,3>",Quire,4,55,49082,48762
rajat13,7598,WorkingPrecisionResidualIR,"posit<64,3>",Quire,5,34,49082,48762
rajat03,7602,FactorAccumulatorIR,"posit<16,2>",Plain,-12,85000,32653,555101
rajat03,7602,FactorAccumulatorIR,"posit<16,2>",Plain,-8,258,32653,555101
rajat03,7602,FactorAccumulatorIR,"posit<16,2>",Plain,-7,169742,32653,555101
rajat03,7602,FactorAccumulatorIR,"posit<16,2>",Plain,-5,42500,32653,555101
rajat03,7602,FactorAccumulatorIR,"posit<16,2>",Plain,-1,400,32653,555101
rajat03,7602,FactorAccumulatorIR,"posit<16,2>",Plain,0,77306,32653,555101
rajat03,7602,FactorAccumulatorIR,"posit<16,2>",Plain,1,179878,32653,555101
rajat03,7602,FactorAccumulatorIR,"posit<16,2>",Plain,2,17,32653,555101
rajat03,7602,FactorAccumulatorIR,"posit<16,2>",Quire,-12,85000,32653,555101
rajat03,7602,FactorAccumulatorIR,"posit<16,2>",Quire,-7,170000,32653,555101
rajat03,7602,FactorAccumulatorIR,"posit<16,2>",Quire,-5,42500,32653,555101
rajat03,7602,FactorAccumulatorIR,"posit<16,2>",Quire,-1,342,32653,555101
rajat03,7602,FactorAccumulatorIR,"posit<16,2>",Quire,0,68046,32653,555101
rajat03,7602,FactorAccumulatorIR,"posit<16,2>",Quire,1,189196,32653,555101
rajat03,7602,FactorAccumulatorIR,"posit<16,2>",Quire,2,17,32653,555101
rajat03,7602,FactorAccumulatorIR,"posit<32,2>",Plain,-12,15000,32653,97959
rajat03,7602,FactorAccumulatorIR,"posit<32,2>",Plain,-7,30000,32653,97959
rajat03,7602,FactorAccumulatorIR,"posit<32,2>",Plain,-5,7500,32653,97959
rajat03,7602,FactorAccumulatorIR,"posit<32,2>",Plain,-1,94,32653,97959
rajat03,7602,FactorAccumulatorIR,"posit<32,2>",Plain,0,22887,32653,97959
rajat03,7602,FactorAccumulatorIR,"posit<32,2>",Plain,1,22475,32653,97959
rajat03,7602,FactorAccumulatorIR,"posit<32,2>",Plain,2,3,32653,97959
rajat03,7602,FactorAccumulatorIR,"posit<32,2>",Quire,-12,15000,32653,97959
rajat03,7602,FactorAccumulatorIR,"posit<32,2>",Quire,-7,30000,32653,97959
rajat03,7602,FactorAccumulatorIR,"posit<32,2>",Quire,-5,7500,32653,97959
rajat03,7602,FactorAccumulatorIR,"posit<32,2>",Quire,-1,102,32653,97959
rajat03,7602,FactorAccumulatorIR,"posit<32,2>",Quire,0,20153,32653,97959
rajat03,7602,FactorAccumulatorIR,"posit<32,2>",Quire,1,25201,32653,97959
rajat03,7602,FactorAccumulatorIR,"posit<32,2>",Quire,2,3,32653,97959
rajat03,7602,WorkingPrecisionResidualIR,"posit<32,2>",Plain,-12,80000,32653,522448
rajat03,7602,WorkingPrecisionResidualIR,"posit<32,2>",Plain,-7,160000,32653,522448
rajat03,7602,WorkingPrecisionResidualIR,"posit<32,2>",Plain,-5,40000,32653,522448
rajat03,7602,WorkingPrecisionResidualIR,"posit<32,2>",Plain,-1,76,32653,522448
rajat03,7602,WorkingPrecisionResidualIR,"posit<32,2>",Plain,0,86168,32653,522448
rajat03,7602,WorkingPrecisionResidualIR,"posit<32,2>",Plain,1,156188,32653,522448
rajat03,7602,WorkingPrecisionResidualIR,"posit<32,2>",Plain,2,16,32653,522448
rajat03,7602,WorkingPrecisionResidualIR,"posit<32,2>",Quire,-12,30000,32653,195918
rajat03,7602,WorkingPrecisionResidualIR,"posit<32,2>",Quire,-7,60000,32653,195918
rajat03,7602,WorkingPrecisionResidualIR,"posit<32,2>",Quire,-5,15000,32653,195918
rajat03,7602,WorkingPrecisionResidualIR,"posit<32,2>",Quire,-1,6,32653,195918
rajat03,7602,WorkingPrecisionResidualIR,"posit<32,2>",Quire,0,30606,32653,195918
rajat03,7602,WorkingPrecisionResidualIR,"posit<32,2>",Quire,1,60300,32653,195918
rajat03,7602,WorkingPrecisionResidualIR,"posit<32,2>",Quire,2,6,32653,195918
rajat03,7602,WorkingPrecisionResidualIR,"posit<64,3>",Plain,-12,5000,32653,32653
rajat03,7602,WorkingPrecisionResidualIR,"posit<64,3>",Plain,-7,10000,32653,32653
rajat03,7602,WorkingPrecisionResidualIR,"posit<64,3>",Plain,-5,2500,32653,32653
rajat03,7602,WorkingPrecisionResidualIR,"posit<64,3>",Plain,-1,50,32653,32653
rajat03,7602,WorkingPrecisionResidualIR,"posit<64,3>",Plain,0,6780,32653,32653
rajat03,7602,WorkingPrecisionResidualIR,"posit<64,3>",Plain,1,8322,32653,32653
rajat03,7602,WorkingPrecisionResidualIR,"posit<64,3>",Plain,2,1,32653,32653
rajat03,7602,WorkingPrecisionResidualIR,"posit<64,3>",Quire,-12,5000,32653,32653
rajat03,7602,WorkingPrecisionResidualIR,"posit<64,3>",Quire,-7,10000,32653,32653
rajat03,7602,WorkingPrecisionResidualIR,"posit<64,3>",Quire,-5,2500,32653,32653
rajat03,7602,WorkingPrecisionResidualIR,"posit<64,3>",Quire,-1,50,32653,32653
rajat03,7602,WorkingPrecisionResidualIR,"posit<64,3>",Quire,0,6780,32653,32653
rajat03,7602,WorkingPrecisionResidualIR,"posit<64,3>",Quire,1,8322,32653,32653
rajat03,7602,WorkingPrecisionResidualIR,"posit<64,3>",Quire,2,1,32653,32653
